,datetime,113,101,329
0,2020-01-01T00:00:00,3.0,0.0,0.0
1,2020-01-01T00:30:00,0.0,0.0,0.0
2,2020-01-01T01:00:00,0.0,1.0,0.0
3,2020-01-01T01:30:00,2.0,1.0,0.0
4,2020-01-01T02:00:00,2.0,0.0,0.0
5,2020-01-01T02:30:00,0.0,0.0,0.0
6,2020-01-01T03:00:00,0.0,0.0,0.0
7,2020-01-01T03:30:00,0.0,0.0,0.0
8,2020-01-01T04:00:00,1.0,2.0,0.0
9,2020-01-01T04:30:00,1.0,1.0,0.0
10,2020-01-01T05:00:00,1.0,3.0,0.0
11,2020-01-01T05:30:00,1.0,1.0,0.0
12,2020-01-01T06:00:00,1.0,2.0,0.0
13,2020-01-01T06:30:00,0.0,1.0,0.0
14,2020-01-01T07:00:00,0.0,0.0,0.0
15,2020-01-01T07:30:00,0.0,0.0,0.0
16,2020-01-01T08:00:00,2.0,0.0,0.0
17,2020-01-01T08:30:00,0.0,0.0,0.0
18,2020-01-01T09:00:00,1.0,1.0,0.0
19,2020-01-01T09:30:00,0.0,0.0,0.0
20,2020-01-01T10:00:00,1.0,0.0,0.0
21,2020-01-01T10:30:00,0.0,1.0,0.0
22,2020-01-01T11:00:00,1.0,1.0,0.0
23,2020-01-01T11:30:00,1.0,1.0,0.0
24,2020-01-01T12:00:00,0.0,0.0,0.0
25,2020-01-01T12:30:00,0.0,0.0,0.0
26,2020-01-01T13:00:00,0.0,0.0,0.0
27,2020-01-01T13:30:00,2.0,0.0,0.0
28,2020-01-01T14:00:00,1.0,0.0,0.0
29,2020-01-01T14:30:00,2.0,4.0,0.0
30,2020-01-01T15:00:00,1.0,1.0,1.0
31,2020-01-01T15:30:00,2.0,0.0,0.0
32,2020-01-01T16:00:00,1.0,1.0,0.0
33,2020-01-01T16:30:00,0.0,2.0,2.0
34,2020-01-01T17:00:00,1.0,1.0,0.0
35,2020-01-01T17:30:00,1.0,1.0,0.0
36,2020-01-01T18:00:00,1.0,1.0,0.0
37,2020-01-01T18:30:00,1.0,0.0,0.0
38,2020-01-01T19:00:00,1.0,3.0,0.0
39,2020-01-01T19:30:00,0.0,0.0,0.0
40,2020-01-01T20:00:00,0.0,1.0,1.0
41,2020-01-01T20:30:00,0.0,1.0,0.0
42,2020-01-01T21:00:00,0.0,0.0,0.0
43,2020-01-01T21:30:00,0.0,1.0,1.0
44,2020-01-01T22:00:00,2.0,0.0,0.0
45,2020-01-01T22:30:00,1.0,1.0,1.0
46,2020-01-01T23:00:00,1.0,0.0,0.0
47,2020-01-01T23:30:00,1.0,0.0,0.0
48,2020-01-02T00:00:00,0.0,0.0,0.0
49,2020-01-02T00:30:00,0.0,0.0,1.0
50,2020-01-02T01:00:00,0.0,1.0,0.0
51,2020-01-02T01:30:00,1.0,0.0,0.0
52,2020-01-02T02:00:00,0.0,0.0,0.0
53,2020-01-02T02:30:00,0.0,0.0,0.0
54,2020-01-02T03:00:00,0.0,0.0,0.0
55,2020-01-02T03:30:00,0.0,0.0,0.0
56,2020-01-02T04:00:00,1.0,0.0,0.0
57,2020-01-02T04:30:00,0.0,0.0,0.0
58,2020-01-02T05:00:00,0.0,0.0,0.0
59,2020-01-02T05:30:00,1.0,1.0,0.0
60,2020-01-02T06:00:00,0.0,0.0,0.0
61,2020-01-02T06:30:00,3.0,2.0,0.0
62,2020-01-02T07:00:00,1.0,1.0,1.0
63,2020-01-02T07:30:00,1.0,4.0,1.0
64,2020-01-02T08:00:00,1.0,0.0,0.0
65,2020-01-02T08:30:00,1.0,1.0,2.0
66,2020-01-02T09:00:00,0.0,0.0,2.0
67,2020-01-02T09:30:00,4.0,1.0,0.0
68,2020-01-02T10:00:00,0.0,1.0,2.0
69,2020-01-02T10:30:00,1.0,0.0,0.0
70,2020-01-02T11:00:00,1.0,0.0,1.0
71,2020-01-02T11:30:00,4.0,1.0,1.0
72,2020-01-02T12:00:00,2.0,0.0,0.0
73,2020-01-02T12:30:00,1.0,2.0,1.0
74,2020-01-02T13:00:00,1.0,3.0,2.0
75,2020-01-02T13:30:00,1.0,1.0,2.0
76,2020-01-02T14:00:00,1.0,2.0,2.0
77,2020-01-02T14:30:00,1.0,1.0,0.0
78,2020-01-02T15:00:00,3.0,0.0,1.0
79,2020-01-02T15:30:00,1.0,6.0,0.0
80,2020-01-02T16:00:00,3.0,3.0,0.0
81,2020-01-02T16:30:00,1.0,2.0,0.0
82,2020-01-02T17:00:00,0.0,10.0,2.0
83,2020-01-02T17:30:00,6.0,3.0,0.0
84,2020-01-02T18:00:00,7.0,3.0,0.0
85,2020-01-02T18:30:00,1.0,4.0,1.0
86,2020-01-02T19:00:00,1.0,0.0,0.0
87,2020-01-02T19:30:00,0.0,0.0,1.0
88,2020-01-02T20:00:00,0.0,1.0,0.0
89,2020-01-02T20:30:00,1.0,1.0,0.0
90,2020-01-02T21:00:00,0.0,1.0,0.0
91,2020-01-02T21:30:00,1.0,0.0,0.0
92,2020-01-02T22:00:00,0.0,2.0,0.0
93,2020-01-02T22:30:00,1.0,0.0,0.0
94,2020-01-02T23:00:00,1.0,5.0,0.0
95,2020-01-02T23:30:00,1.0,0.0,0.0
96,2020-01-03T00:00:00,0.0,1.0,0.0
97,2020-01-03T00:30:00,0.0,1.0,0.0
98,2020-01-03T01:00:00,0.0,1.0,0.0
99,2020-01-03T01:30:00,0.0,0.0,0.0
100,2020-01-03T02:00:00,0.0,0.0,0.0
101,2020-01-03T02:30:00,0.0,0.0,0.0
102,2020-01-03T03:00:00,0.0,1.0,0.0
103,2020-01-03T03:30:00,0.0,0.0,0.0
104,2020-01-03T04:00:00,1.0,0.0,0.0
105,2020-01-03T04:30:00,0.0,0.0,0.0
106,2020-01-03T05:00:00,0.0,0.0,0.0
107,2020-01-03T05:30:00,1.0,0.0,0.0
108,2020-01-03T06:00:00,1.0,0.0,0.0
109,2020-01-03T06:30:00,4.0,1.0,0.0
110,2020-01-03T07:00:00,3.0,1.0,0.0
111,2020-01-03T07:30:00,1.0,0.0,1.0
112,2020-01-03T08:00:00,2.0,0.0,0.0
113,2020-01-03T08:30:00,5.0,1.0,0.0
114,2020-01-03T09:00:00,1.0,0.0,1.0
115,2020-01-03T09:30:00,1.0,0.0,0.0
116,2020-01-03T10:00:00,1.0,2.0,0.0
117,2020-01-03T10:30:00,1.0,2.0,1.0
118,2020-01-03T11:00:00,1.0,0.0,1.0
119,2020-01-03T11:30:00,2.0,1.0,0.0
120,2020-01-03T12:00:00,0.0,3.0,0.0
121,2020-01-03T12:30:00,1.0,1.0,0.0
122,2020-01-03T13:00:00,0.0,4.0,0.0
123,2020-01-03T13:30:00,2.0,2.0,0.0
124,2020-01-03T14:00:00,1.0,1.0,0.0
125,2020-01-03T14:30:00,5.0,5.0,0.0
126,2020-01-03T15:00:00,1.0,1.0,0.0
127,2020-01-03T15:30:00,3.0,3.0,0.0
128,2020-01-03T16:00:00,2.0,2.0,1.0
129,2020-01-03T16:30:00,2.0,5.0,0.0
130,2020-01-03T17:00:00,1.0,3.0,0.0
131,2020-01-03T17:30:00,2.0,1.0,0.0
132,2020-01-03T18:00:00,1.0,0.0,1.0
133,2020-01-03T18:30:00,3.0,5.0,1.0
134,2020-01-03T19:00:00,0.0,0.0,2.0
135,2020-01-03T19:30:00,2.0,1.0,1.0
136,2020-01-03T20:00:00,0.0,2.0,0.0
137,2020-01-03T20:30:00,4.0,0.0,1.0
138,2020-01-03T21:00:00,3.0,2.0,0.0
139,2020-01-03T21:30:00,3.0,0.0,0.0
140,2020-01-03T22:00:00,0.0,2.0,2.0
141,2020-01-03T22:30:00,1.0,2.0,1.0
142,2020-01-03T23:00:00,2.0,0.0,0.0
143,2020-01-03T23:30:00,2.0,0.0,1.0
144,2020-01-04T00:00:00,3.0,0.0,0.0
145,2020-01-04T00:30:00,0.0,7.0,0.0
146,2020-01-04T01:00:00,2.0,0.0,0.0
147,2020-01-04T01:30:00,0.0,0.0,0.0
148,2020-01-04T02:00:00,0.0,0.0,0.0
149,2020-01-04T02:30:00,0.0,0.0,0.0
150,2020-01-04T03:00:00,0.0,0.0,0.0
151,2020-01-04T03:30:00,1.0,0.0,0.0
152,2020-01-04T04:00:00,0.0,0.0,0.0
153,2020-01-04T04:30:00,0.0,0.0,0.0
154,2020-01-04T05:00:00,1.0,0.0,0.0
155,2020-01-04T05:30:00,1.0,0.0,0.0
156,2020-01-04T06:00:00,1.0,0.0,0.0
157,2020-01-04T06:30:00,1.0,1.0,1.0
158,2020-01-04T07:00:00,0.0,0.0,0.0
159,2020-01-04T07:30:00,0.0,0.0,0.0
160,2020-01-04T08:00:00,2.0,0.0,0.0
161,2020-01-04T08:30:00,0.0,0.0,0.0
162,2020-01-04T09:00:00,2.0,0.0,0.0
163,2020-01-04T09:30:00,1.0,1.0,0.0
164,2020-01-04T10:00:00,1.0,2.0,0.0
165,2020-01-04T10:30:00,1.0,1.0,1.0
166,2020-01-04T11:00:00,4.0,2.0,1.0
167,2020-01-04T11:30:00,0.0,2.0,2.0
168,2020-01-04T12:00:00,2.0,1.0,1.0
169,2020-01-04T12:30:00,3.0,1.0,0.0
170,2020-01-04T13:00:00,1.0,2.0,1.0
171,2020-01-04T13:30:00,1.0,2.0,1.0
172,2020-01-04T14:00:00,1.0,0.0,0.0
173,2020-01-04T14:30:00,2.0,2.0,0.0
174,2020-01-04T15:00:00,0.0,1.0,0.0
175,2020-01-04T15:30:00,1.0,1.0,0.0
176,2020-01-04T16:00:00,1.0,1.0,0.0
177,2020-01-04T16:30:00,1.0,1.0,0.0
178,2020-01-04T17:00:00,0.0,0.0,0.0
179,2020-01-04T17:30:00,1.0,0.0,0.0
180,2020-01-04T18:00:00,1.0,0.0,0.0
181,2020-01-04T18:30:00,0.0,3.0,0.0
182,2020-01-04T19:00:00,1.0,1.0,0.0
183,2020-01-04T19:30:00,2.0,2.0,0.0
184,2020-01-04T20:00:00,1.0,0.0,0.0
185,2020-01-04T20:30:00,1.0,1.0,0.0
186,2020-01-04T21:00:00,1.0,0.0,1.0
187,2020-01-04T21:30:00,0.0,0.0,1.0
188,2020-01-04T22:00:00,0.0,0.0,0.0
189,2020-01-04T22:30:00,1.0,1.0,0.0
190,2020-01-04T23:00:00,0.0,3.0,0.0
191,2020-01-04T23:30:00,3.0,5.0,0.0
192,2020-01-05T00:00:00,2.0,1.0,0.0
193,2020-01-05T00:30:00,2.0,0.0,0.0
194,2020-01-05T01:00:00,1.0,0.0,0.0
195,2020-01-05T01:30:00,1.0,1.0,0.0
196,2020-01-05T02:00:00,0.0,0.0,0.0
197,2020-01-05T02:30:00,0.0,1.0,0.0
198,2020-01-05T03:00:00,0.0,0.0,0.0
199,2020-01-05T03:30:00,0.0,0.0,0.0
200,2020-01-05T04:00:00,0.0,3.0,0.0
201,2020-01-05T04:30:00,0.0,0.0,0.0
202,2020-01-05T05:00:00,0.0,0.0,0.0
203,2020-01-05T05:30:00,0.0,0.0,0.0
204,2020-01-05T06:00:00,0.0,1.0,0.0
205,2020-01-05T06:30:00,0.0,0.0,0.0
206,2020-01-05T07:00:00,0.0,0.0,0.0
207,2020-01-05T07:30:00,0.0,0.0,0.0
208,2020-01-05T08:00:00,0.0,0.0,0.0
209,2020-01-05T08:30:00,1.0,1.0,0.0
210,2020-01-05T09:00:00,1.0,0.0,0.0
211,2020-01-05T09:30:00,2.0,2.0,0.0
212,2020-01-05T10:00:00,2.0,1.0,0.0
213,2020-01-05T10:30:00,0.0,1.0,0.0
214,2020-01-05T11:00:00,1.0,4.0,0.0
215,2020-01-05T11:30:00,5.0,1.0,0.0
216,2020-01-05T12:00:00,0.0,1.0,0.0
217,2020-01-05T12:30:00,3.0,5.0,0.0
218,2020-01-05T13:00:00,1.0,1.0,0.0
219,2020-01-05T13:30:00,2.0,2.0,0.0
220,2020-01-05T14:00:00,0.0,0.0,0.0
221,2020-01-05T14:30:00,1.0,0.0,2.0
222,2020-01-05T15:00:00,0.0,1.0,1.0
223,2020-01-05T15:30:00,1.0,0.0,0.0
224,2020-01-05T16:00:00,1.0,1.0,0.0
225,2020-01-05T16:30:00,0.0,1.0,0.0
226,2020-01-05T17:00:00,0.0,1.0,0.0
227,2020-01-05T17:30:00,2.0,0.0,0.0
228,2020-01-05T18:00:00,0.0,1.0,0.0
229,2020-01-05T18:30:00,0.0,1.0,0.0
230,2020-01-05T19:00:00,0.0,2.0,0.0
231,2020-01-05T19:30:00,0.0,0.0,0.0
232,2020-01-05T20:00:00,2.0,0.0,0.0
233,2020-01-05T20:30:00,1.0,0.0,0.0
234,2020-01-05T21:00:00,0.0,1.0,0.0
235,2020-01-05T21:30:00,0.0,0.0,2.0
236,2020-01-05T22:00:00,0.0,0.0,0.0
237,2020-01-05T22:30:00,0.0,1.0,0.0
238,2020-01-05T23:00:00,0.0,3.0,0.0
239,2020-01-05T23:30:00,0.0,3.0,0.0
240,2020-01-06T00:00:00,29.0,0.0,0.0
241,2020-01-06T00:30:00,0.0,0.0,0.0
242,2020-01-06T01:00:00,0.0,0.0,0.0
243,2020-01-06T01:30:00,0.0,0.0,0.0
244,2020-01-06T02:00:00,0.0,0.0,0.0
245,2020-01-06T02:30:00,0.0,0.0,0.0
246,2020-01-06T03:00:00,0.0,0.0,0.0
247,2020-01-06T03:30:00,0.0,0.0,0.0
248,2020-01-06T04:00:00,0.0,0.0,0.0
249,2020-01-06T04:30:00,0.0,2.0,0.0
250,2020-01-06T05:00:00,0.0,0.0,0.0
251,2020-01-06T05:30:00,0.0,0.0,0.0
252,2020-01-06T06:00:00,0.0,0.0,0.0
253,2020-01-06T06:30:00,0.0,0.0,0.0
254,2020-01-06T07:00:00,0.0,0.0,0.0
255,2020-01-06T07:30:00,0.0,0.0,0.0
256,2020-01-06T08:00:00,0.0,1.0,0.0
257,2020-01-06T08:30:00,0.0,0.0,0.0
258,2020-01-06T09:00:00,0.0,0.0,1.0
259,2020-01-06T09:30:00,0.0,2.0,0.0
260,2020-01-06T10:00:00,0.0,1.0,0.0
261,2020-01-06T10:30:00,0.0,4.0,0.0
262,2020-01-06T11:00:00,0.0,0.0,0.0
263,2020-01-06T11:30:00,0.0,0.0,0.0
264,2020-01-06T12:00:00,0.0,2.0,0.0
265,2020-01-06T12:30:00,0.0,0.0,0.0
266,2020-01-06T13:00:00,0.0,1.0,0.0
267,2020-01-06T13:30:00,0.0,2.0,0.0
268,2020-01-06T14:00:00,0.0,1.0,0.0
269,2020-01-06T14:30:00,0.0,1.0,0.0
270,2020-01-06T15:00:00,0.0,2.0,1.0
271,2020-01-06T15:30:00,0.0,3.0,0.0
272,2020-01-06T16:00:00,0.0,2.0,0.0
273,2020-01-06T16:30:00,0.0,0.0,1.0
274,2020-01-06T17:00:00,0.0,3.0,1.0
275,2020-01-06T17:30:00,0.0,0.0,1.0
276,2020-01-06T18:00:00,0.0,1.0,0.0
277,2020-01-06T18:30:00,0.0,1.0,0.0
278,2020-01-06T19:00:00,0.0,1.0,0.0
279,2020-01-06T19:30:00,0.0,1.0,0.0
280,2020-01-06T20:00:00,0.0,0.0,0.0
281,2020-01-06T20:30:00,0.0,0.0,0.0
282,2020-01-06T21:00:00,0.0,2.0,0.0
283,2020-01-06T21:30:00,0.0,0.0,0.0
284,2020-01-06T22:00:00,0.0,0.0,1.0
285,2020-01-06T22:30:00,0.0,1.0,0.0
286,2020-01-06T23:00:00,0.0,0.0,0.0
287,2020-01-06T23:30:00,0.0,3.0,0.0
288,2020-01-07T00:00:00,1.0,0.0,0.0
289,2020-01-07T00:30:00,0.0,0.0,0.0
290,2020-01-07T01:00:00,0.0,1.0,0.0
291,2020-01-07T01:30:00,0.0,0.0,0.0
292,2020-01-07T02:00:00,0.0,0.0,0.0
293,2020-01-07T02:30:00,0.0,0.0,0.0
294,2020-01-07T03:00:00,1.0,0.0,0.0
295,2020-01-07T03:30:00,1.0,0.0,0.0
296,2020-01-07T04:00:00,0.0,0.0,0.0
297,2020-01-07T04:30:00,0.0,0.0,0.0
298,2020-01-07T05:00:00,1.0,0.0,0.0
299,2020-01-07T05:30:00,3.0,0.0,0.0
300,2020-01-07T06:00:00,0.0,2.0,0.0
301,2020-01-07T06:30:00,6.0,2.0,0.0
302,2020-01-07T07:00:00,2.0,0.0,1.0
303,2020-01-07T07:30:00,8.0,1.0,0.0
304,2020-01-07T08:00:00,2.0,0.0,0.0
305,2020-01-07T08:30:00,0.0,1.0,0.0
306,2020-01-07T09:00:00,2.0,4.0,0.0
307,2020-01-07T09:30:00,4.0,0.0,0.0
308,2020-01-07T10:00:00,2.0,0.0,0.0
309,2020-01-07T10:30:00,2.0,3.0,0.0
310,2020-01-07T11:00:00,1.0,3.0,0.0
311,2020-01-07T11:30:00,1.0,0.0,0.0
312,2020-01-07T12:00:00,0.0,5.0,0.0
313,2020-01-07T12:30:00,2.0,1.0,0.0
314,2020-01-07T13:00:00,0.0,4.0,4.0
315,2020-01-07T13:30:00,0.0,4.0,0.0
316,2020-01-07T14:00:00,1.0,1.0,0.0
317,2020-01-07T14:30:00,3.0,1.0,1.0
318,2020-01-07T15:00:00,1.0,5.0,0.0
319,2020-01-07T15:30:00,0.0,2.0,0.0
320,2020-01-07T16:00:00,4.0,5.0,2.0
321,2020-01-07T16:30:00,3.0,7.0,0.0
322,2020-01-07T17:00:00,1.0,2.0,1.0
323,2020-01-07T17:30:00,0.0,3.0,4.0
324,2020-01-07T18:00:00,0.0,6.0,2.0
325,2020-01-07T18:30:00,3.0,3.0,3.0
326,2020-01-07T19:00:00,3.0,0.0,0.0
327,2020-01-07T19:30:00,0.0,9.0,0.0
328,2020-01-07T20:00:00,1.0,1.0,0.0
329,2020-01-07T20:30:00,12.0,2.0,0.0
330,2020-01-07T21:00:00,1.0,0.0,0.0
331,2020-01-07T21:30:00,3.0,0.0,0.0
332,2020-01-07T22:00:00,1.0,2.0,0.0
333,2020-01-07T22:30:00,1.0,0.0,1.0
334,2020-01-07T23:00:00,0.0,0.0,0.0
335,2020-01-07T23:30:00,0.0,1.0,0.0
336,2020-01-08T00:00:00,0.0,1.0,0.0
337,2020-01-08T00:30:00,0.0,0.0,0.0
338,2020-01-08T01:00:00,0.0,0.0,0.0
339,2020-01-08T01:30:00,0.0,1.0,0.0
340,2020-01-08T02:00:00,1.0,0.0,0.0
341,2020-01-08T02:30:00,0.0,1.0,0.0
342,2020-01-08T03:00:00,0.0,0.0,0.0
343,2020-01-08T03:30:00,1.0,0.0,0.0
344,2020-01-08T04:00:00,0.0,0.0,0.0
345,2020-01-08T04:30:00,1.0,0.0,0.0
346,2020-01-08T05:00:00,1.0,0.0,0.0
347,2020-01-08T05:30:00,2.0,1.0,1.0
348,2020-01-08T06:00:00,0.0,2.0,0.0
349,2020-01-08T06:30:00,7.0,2.0,0.0
350,2020-01-08T07:00:00,2.0,5.0,1.0
351,2020-01-08T07:30:00,4.0,0.0,2.0
352,2020-01-08T08:00:00,2.0,4.0,0.0
353,2020-01-08T08:30:00,1.0,0.0,0.0
354,2020-01-08T09:00:00,1.0,0.0,1.0
355,2020-01-08T09:30:00,1.0,1.0,0.0
356,2020-01-08T10:00:00,1.0,0.0,0.0
357,2020-01-08T10:30:00,1.0,0.0,0.0
358,2020-01-08T11:00:00,1.0,1.0,0.0
359,2020-01-08T11:30:00,3.0,0.0,1.0
360,2020-01-08T12:00:00,0.0,2.0,0.0
361,2020-01-08T12:30:00,1.0,1.0,0.0
362,2020-01-08T13:00:00,1.0,11.0,0.0
363,2020-01-08T13:30:00,1.0,0.0,0.0
364,2020-01-08T14:00:00,1.0,0.0,0.0
365,2020-01-08T14:30:00,3.0,2.0,0.0
366,2020-01-08T15:00:00,0.0,0.0,3.0
367,2020-01-08T15:30:00,1.0,0.0,1.0
368,2020-01-08T16:00:00,2.0,5.0,1.0
369,2020-01-08T16:30:00,1.0,5.0,0.0
370,2020-01-08T17:00:00,1.0,9.0,0.0
371,2020-01-08T17:30:00,2.0,0.0,0.0
372,2020-01-08T18:00:00,6.0,2.0,0.0
373,2020-01-08T18:30:00,1.0,12.0,1.0
374,2020-01-08T19:00:00,0.0,4.0,1.0
375,2020-01-08T19:30:00,2.0,1.0,0.0
376,2020-01-08T20:00:00,0.0,1.0,0.0
377,2020-01-08T20:30:00,1.0,3.0,0.0
378,2020-01-08T21:00:00,0.0,1.0,0.0
379,2020-01-08T21:30:00,15.0,2.0,0.0
380,2020-01-08T22:00:00,0.0,2.0,0.0
381,2020-01-08T22:30:00,0.0,1.0,0.0
382,2020-01-08T23:00:00,2.0,1.0,0.0
383,2020-01-08T23:30:00,0.0,1.0,0.0
384,2020-01-09T00:00:00,0.0,1.0,0.0
385,2020-01-09T00:30:00,1.0,0.0,0.0
386,2020-01-09T01:00:00,0.0,0.0,0.0
387,2020-01-09T01:30:00,0.0,0.0,0.0
388,2020-01-09T02:00:00,0.0,0.0,0.0
389,2020-01-09T02:30:00,1.0,0.0,0.0
390,2020-01-09T03:00:00,0.0,0.0,0.0
391,2020-01-09T03:30:00,1.0,0.0,0.0
392,2020-01-09T04:00:00,0.0,0.0,0.0
393,2020-01-09T04:30:00,1.0,0.0,0.0
394,2020-01-09T05:00:00,0.0,0.0,0.0
395,2020-01-09T05:30:00,2.0,1.0,0.0
396,2020-01-09T06:00:00,2.0,1.0,1.0
397,2020-01-09T06:30:00,4.0,2.0,0.0
398,2020-01-09T07:00:00,3.0,2.0,0.0
399,2020-01-09T07:30:00,4.0,1.0,2.0
400,2020-01-09T08:00:00,0.0,2.0,0.0
401,2020-01-09T08:30:00,0.0,1.0,0.0
402,2020-01-09T09:00:00,0.0,1.0,1.0
403,2020-01-09T09:30:00,2.0,1.0,1.0
404,2020-01-09T10:00:00,4.0,0.0,0.0
405,2020-01-09T10:30:00,3.0,0.0,1.0
406,2020-01-09T11:00:00,1.0,1.0,0.0
407,2020-01-09T11:30:00,0.0,3.0,1.0
408,2020-01-09T12:00:00,1.0,2.0,0.0
409,2020-01-09T12:30:00,3.0,1.0,1.0
410,2020-01-09T13:00:00,0.0,7.0,0.0
411,2020-01-09T13:30:00,0.0,8.0,1.0
412,2020-01-09T14:00:00,0.0,6.0,0.0
413,2020-01-09T14:30:00,3.0,1.0,0.0
414,2020-01-09T15:00:00,2.0,2.0,2.0
415,2020-01-09T15:30:00,1.0,0.0,1.0
416,2020-01-09T16:00:00,0.0,5.0,0.0
417,2020-01-09T16:30:00,1.0,5.0,1.0
418,2020-01-09T17:00:00,7.0,1.0,1.0
419,2020-01-09T17:30:00,0.0,2.0,4.0
420,2020-01-09T18:00:00,0.0,1.0,0.0
421,2020-01-09T18:30:00,4.0,10.0,0.0
422,2020-01-09T19:00:00,1.0,0.0,1.0
423,2020-01-09T19:30:00,19.0,4.0,0.0
424,2020-01-09T20:00:00,0.0,5.0,1.0
425,2020-01-09T20:30:00,0.0,3.0,0.0
426,2020-01-09T21:00:00,1.0,3.0,1.0
427,2020-01-09T21:30:00,0.0,0.0,0.0
428,2020-01-09T22:00:00,1.0,0.0,0.0
429,2020-01-09T22:30:00,13.0,0.0,0.0
430,2020-01-09T23:00:00,3.0,1.0,0.0
431,2020-01-09T23:30:00,0.0,3.0,0.0
432,2020-01-10T00:00:00,1.0,0.0,0.0
433,2020-01-10T00:30:00,0.0,1.0,0.0
434,2020-01-10T01:00:00,0.0,2.0,0.0
435,2020-01-10T01:30:00,0.0,1.0,0.0
436,2020-01-10T02:00:00,0.0,0.0,0.0
437,2020-01-10T02:30:00,0.0,0.0,0.0
438,2020-01-10T03:00:00,0.0,0.0,0.0
439,2020-01-10T03:30:00,1.0,0.0,0.0
440,2020-01-10T04:00:00,0.0,1.0,0.0
441,2020-01-10T04:30:00,0.0,0.0,0.0
442,2020-01-10T05:00:00,0.0,0.0,0.0
443,2020-01-10T05:30:00,0.0,1.0,0.0
444,2020-01-10T06:00:00,1.0,1.0,0.0
445,2020-01-10T06:30:00,1.0,0.0,0.0
446,2020-01-10T07:00:00,0.0,1.0,0.0
447,2020-01-10T07:30:00,0.0,1.0,0.0
448,2020-01-10T08:00:00,0.0,1.0,0.0
449,2020-01-10T08:30:00,0.0,1.0,0.0
450,2020-01-10T09:00:00,1.0,0.0,0.0
451,2020-01-10T09:30:00,1.0,0.0,0.0
452,2020-01-10T10:00:00,0.0,1.0,0.0
453,2020-01-10T10:30:00,1.0,0.0,0.0
454,2020-01-10T11:00:00,0.0,0.0,0.0
455,2020-01-10T11:30:00,0.0,1.0,0.0
456,2020-01-10T12:00:00,0.0,1.0,0.0
457,2020-01-10T12:30:00,1.0,4.0,3.0
458,2020-01-10T13:00:00,1.0,5.0,2.0
459,2020-01-10T13:30:00,4.0,3.0,0.0
460,2020-01-10T14:00:00,3.0,7.0,0.0
461,2020-01-10T14:30:00,1.0,5.0,0.0
462,2020-01-10T15:00:00,1.0,0.0,0.0
463,2020-01-10T15:30:00,0.0,1.0,0.0
464,2020-01-10T16:00:00,16.0,8.0,0.0
465,2020-01-10T16:30:00,0.0,6.0,0.0
466,2020-01-10T17:00:00,2.0,4.0,5.0
467,2020-01-10T17:30:00,5.0,2.0,0.0
468,2020-01-10T18:00:00,1.0,7.0,3.0
469,2020-01-10T18:30:00,3.0,3.0,1.0
470,2020-01-10T19:00:00,0.0,2.0,0.0
471,2020-01-10T19:30:00,2.0,4.0,1.0
472,2020-01-10T20:00:00,2.0,1.0,0.0
473,2020-01-10T20:30:00,1.0,1.0,0.0
474,2020-01-10T21:00:00,0.0,2.0,0.0
475,2020-01-10T21:30:00,2.0,0.0,0.0
476,2020-01-10T22:00:00,0.0,1.0,0.0
477,2020-01-10T22:30:00,1.0,1.0,0.0
478,2020-01-10T23:00:00,0.0,1.0,0.0
479,2020-01-10T23:30:00,0.0,2.0,0.0
480,2020-01-11T00:00:00,4.0,0.0,0.0
481,2020-01-11T00:30:00,0.0,2.0,1.0
482,2020-01-11T01:00:00,2.0,0.0,0.0
483,2020-01-11T01:30:00,0.0,0.0,0.0
484,2020-01-11T02:00:00,2.0,7.0,0.0
485,2020-01-11T02:30:00,1.0,0.0,0.0
486,2020-01-11T03:00:00,0.0,1.0,0.0
487,2020-01-11T03:30:00,1.0,1.0,0.0
488,2020-01-11T04:00:00,0.0,0.0,0.0
489,2020-01-11T04:30:00,0.0,2.0,0.0
490,2020-01-11T05:00:00,0.0,1.0,0.0
491,2020-01-11T05:30:00,2.0,0.0,0.0
492,2020-01-11T06:00:00,1.0,0.0,0.0
493,2020-01-11T06:30:00,1.0,1.0,0.0
494,2020-01-11T07:00:00,2.0,0.0,0.0
495,2020-01-11T07:30:00,1.0,0.0,0.0
496,2020-01-11T08:00:00,1.0,0.0,0.0
497,2020-01-11T08:30:00,3.0,0.0,0.0
498,2020-01-11T09:00:00,0.0,1.0,0.0
499,2020-01-11T09:30:00,3.0,1.0,0.0
500,2020-01-11T10:00:00,0.0,1.0,0.0
501,2020-01-11T10:30:00,4.0,0.0,1.0
502,2020-01-11T11:00:00,2.0,4.0,0.0
503,2020-01-11T11:30:00,2.0,4.0,0.0
504,2020-01-11T12:00:00,0.0,4.0,1.0
505,2020-01-11T12:30:00,2.0,3.0,0.0
506,2020-01-11T13:00:00,0.0,1.0,0.0
507,2020-01-11T13:30:00,5.0,0.0,0.0
508,2020-01-11T14:00:00,0.0,7.0,0.0
509,2020-01-11T14:30:00,1.0,2.0,0.0
510,2020-01-11T15:00:00,1.0,6.0,1.0
511,2020-01-11T15:30:00,1.0,2.0,0.0
512,2020-01-11T16:00:00,0.0,3.0,1.0
513,2020-01-11T16:30:00,1.0,0.0,0.0
514,2020-01-11T17:00:00,2.0,1.0,0.0
515,2020-01-11T17:30:00,4.0,4.0,0.0
516,2020-01-11T18:00:00,2.0,0.0,0.0
517,2020-01-11T18:30:00,2.0,0.0,0.0
518,2020-01-11T19:00:00,1.0,6.0,1.0
519,2020-01-11T19:30:00,0.0,4.0,0.0
520,2020-01-11T20:00:00,19.0,2.0,0.0
521,2020-01-11T20:30:00,1.0,2.0,0.0
522,2020-01-11T21:00:00,2.0,1.0,0.0
523,2020-01-11T21:30:00,1.0,1.0,0.0
524,2020-01-11T22:00:00,1.0,0.0,0.0
525,2020-01-11T22:30:00,1.0,2.0,0.0
526,2020-01-11T23:00:00,2.0,1.0,0.0
527,2020-01-11T23:30:00,1.0,1.0,0.0
528,2020-01-12T00:00:00,1.0,2.0,0.0
529,2020-01-12T00:30:00,1.0,1.0,0.0
530,2020-01-12T01:00:00,1.0,0.0,0.0
531,2020-01-12T01:30:00,1.0,0.0,0.0
532,2020-01-12T02:00:00,3.0,1.0,0.0
533,2020-01-12T02:30:00,0.0,1.0,0.0
534,2020-01-12T03:00:00,0.0,0.0,0.0
535,2020-01-12T03:30:00,0.0,0.0,0.0
536,2020-01-12T04:00:00,0.0,0.0,0.0
537,2020-01-12T04:30:00,0.0,0.0,0.0
538,2020-01-12T05:00:00,0.0,1.0,0.0
539,2020-01-12T05:30:00,0.0,0.0,0.0
540,2020-01-12T06:00:00,0.0,0.0,0.0
541,2020-01-12T06:30:00,1.0,0.0,0.0
542,2020-01-12T07:00:00,2.0,1.0,0.0
543,2020-01-12T07:30:00,0.0,0.0,0.0
544,2020-01-12T08:00:00,1.0,0.0,0.0
545,2020-01-12T08:30:00,1.0,0.0,0.0
546,2020-01-12T09:00:00,3.0,1.0,0.0
547,2020-01-12T09:30:00,0.0,2.0,0.0
548,2020-01-12T10:00:00,0.0,1.0,0.0
549,2020-01-12T10:30:00,3.0,2.0,0.0
550,2020-01-12T11:00:00,3.0,4.0,0.0
551,2020-01-12T11:30:00,1.0,2.0,0.0
552,2020-01-12T12:00:00,2.0,2.0,0.0
553,2020-01-12T12:30:00,3.0,1.0,2.0
554,2020-01-12T13:00:00,4.0,1.0,0.0
555,2020-01-12T13:30:00,2.0,4.0,0.0
556,2020-01-12T14:00:00,1.0,1.0,0.0
557,2020-01-12T14:30:00,3.0,1.0,0.0
558,2020-01-12T15:00:00,1.0,0.0,0.0
559,2020-01-12T15:30:00,1.0,1.0,1.0
560,2020-01-12T16:00:00,0.0,4.0,0.0
561,2020-01-12T16:30:00,2.0,1.0,0.0
562,2020-01-12T17:00:00,2.0,2.0,0.0
563,2020-01-12T17:30:00,0.0,1.0,0.0
564,2020-01-12T18:00:00,0.0,2.0,0.0
565,2020-01-12T18:30:00,2.0,2.0,0.0
566,2020-01-12T19:00:00,1.0,3.0,1.0
567,2020-01-12T19:30:00,0.0,0.0,0.0
568,2020-01-12T20:00:00,2.0,0.0,0.0
569,2020-01-12T20:30:00,0.0,0.0,0.0
570,2020-01-12T21:00:00,0.0,0.0,0.0
571,2020-01-12T21:30:00,0.0,0.0,0.0
572,2020-01-12T22:00:00,0.0,0.0,0.0
573,2020-01-12T22:30:00,2.0,0.0,0.0
574,2020-01-12T23:00:00,19.0,0.0,0.0
575,2020-01-12T23:30:00,2.0,0.0,0.0
576,2020-01-13T00:00:00,0.0,0.0,0.0
577,2020-01-13T00:30:00,0.0,0.0,0.0
578,2020-01-13T01:00:00,0.0,1.0,0.0
579,2020-01-13T01:30:00,0.0,0.0,0.0
580,2020-01-13T02:00:00,0.0,0.0,0.0
581,2020-01-13T02:30:00,0.0,0.0,0.0
582,2020-01-13T03:00:00,0.0,0.0,0.0
583,2020-01-13T03:30:00,0.0,0.0,0.0
584,2020-01-13T04:00:00,0.0,0.0,0.0
585,2020-01-13T04:30:00,1.0,0.0,0.0
586,2020-01-13T05:00:00,0.0,0.0,0.0
587,2020-01-13T05:30:00,2.0,0.0,1.0
588,2020-01-13T06:00:00,0.0,1.0,0.0
589,2020-01-13T06:30:00,2.0,1.0,1.0
590,2020-01-13T07:00:00,0.0,0.0,1.0
591,2020-01-13T07:30:00,1.0,6.0,3.0
592,2020-01-13T08:00:00,1.0,0.0,4.0
593,2020-01-13T08:30:00,1.0,1.0,2.0
594,2020-01-13T09:00:00,1.0,1.0,2.0
595,2020-01-13T09:30:00,1.0,2.0,0.0
596,2020-01-13T10:00:00,1.0,0.0,2.0
597,2020-01-13T10:30:00,0.0,0.0,0.0
598,2020-01-13T11:00:00,0.0,4.0,0.0
599,2020-01-13T11:30:00,3.0,3.0,0.0
600,2020-01-13T12:00:00,1.0,2.0,1.0
601,2020-01-13T12:30:00,2.0,1.0,0.0
602,2020-01-13T13:00:00,0.0,6.0,0.0
603,2020-01-13T13:30:00,2.0,5.0,0.0
604,2020-01-13T14:00:00,0.0,2.0,0.0
605,2020-01-13T14:30:00,4.0,0.0,1.0
606,2020-01-13T15:00:00,1.0,2.0,3.0
607,2020-01-13T15:30:00,0.0,3.0,0.0
608,2020-01-13T16:00:00,0.0,9.0,1.0
609,2020-01-13T16:30:00,0.0,7.0,0.0
610,2020-01-13T17:00:00,0.0,1.0,1.0
611,2020-01-13T17:30:00,1.0,1.0,0.0
612,2020-01-13T18:00:00,1.0,1.0,0.0
613,2020-01-13T18:30:00,10.0,5.0,1.0
614,2020-01-13T19:00:00,4.0,7.0,0.0
615,2020-01-13T19:30:00,1.0,0.0,0.0
616,2020-01-13T20:00:00,1.0,1.0,0.0
617,2020-01-13T20:30:00,1.0,0.0,0.0
618,2020-01-13T21:00:00,0.0,0.0,0.0
619,2020-01-13T21:30:00,0.0,2.0,0.0
620,2020-01-13T22:00:00,0.0,0.0,0.0
621,2020-01-13T22:30:00,0.0,1.0,0.0
622,2020-01-13T23:00:00,2.0,2.0,0.0
623,2020-01-13T23:30:00,0.0,0.0,0.0
624,2020-01-14T00:00:00,0.0,0.0,0.0
625,2020-01-14T00:30:00,0.0,0.0,0.0
626,2020-01-14T01:00:00,0.0,0.0,0.0
627,2020-01-14T01:30:00,0.0,0.0,0.0
628,2020-01-14T02:00:00,0.0,0.0,0.0
629,2020-01-14T02:30:00,0.0,0.0,0.0
630,2020-01-14T03:00:00,0.0,0.0,0.0
631,2020-01-14T03:30:00,1.0,0.0,0.0
632,2020-01-14T04:00:00,1.0,0.0,0.0
633,2020-01-14T04:30:00,1.0,0.0,0.0
634,2020-01-14T05:00:00,0.0,1.0,0.0
635,2020-01-14T05:30:00,3.0,1.0,0.0
636,2020-01-14T06:00:00,0.0,0.0,0.0
637,2020-01-14T06:30:00,4.0,3.0,2.0
638,2020-01-14T07:00:00,6.0,3.0,0.0
639,2020-01-14T07:30:00,9.0,3.0,4.0
640,2020-01-14T08:00:00,1.0,0.0,1.0
641,2020-01-14T08:30:00,2.0,3.0,0.0
642,2020-01-14T09:00:00,2.0,2.0,2.0
643,2020-01-14T09:30:00,1.0,7.0,2.0
644,2020-01-14T10:00:00,3.0,2.0,0.0
645,2020-01-14T10:30:00,1.0,2.0,0.0
646,2020-01-14T11:00:00,2.0,0.0,3.0
647,2020-01-14T11:30:00,4.0,4.0,1.0
648,2020-01-14T12:00:00,3.0,1.0,0.0
649,2020-01-14T12:30:00,5.0,5.0,0.0
650,2020-01-14T13:00:00,0.0,5.0,1.0
651,2020-01-14T13:30:00,1.0,3.0,1.0
652,2020-01-14T14:00:00,1.0,3.0,0.0
653,2020-01-14T14:30:00,3.0,0.0,1.0
654,2020-01-14T15:00:00,2.0,1.0,1.0
655,2020-01-14T15:30:00,0.0,1.0,0.0
656,2020-01-14T16:00:00,2.0,2.0,1.0
657,2020-01-14T16:30:00,4.0,0.0,2.0
658,2020-01-14T17:00:00,18.0,9.0,2.0
659,2020-01-14T17:30:00,4.0,1.0,0.0
660,2020-01-14T18:00:00,0.0,1.0,1.0
661,2020-01-14T18:30:00,1.0,1.0,0.0
662,2020-01-14T19:00:00,1.0,1.0,0.0
663,2020-01-14T19:30:00,8.0,0.0,0.0
664,2020-01-14T20:00:00,2.0,2.0,0.0
665,2020-01-14T20:30:00,0.0,0.0,0.0
666,2020-01-14T21:00:00,1.0,3.0,0.0
667,2020-01-14T21:30:00,1.0,1.0,0.0
668,2020-01-14T22:00:00,0.0,4.0,0.0
669,2020-01-14T22:30:00,1.0,0.0,0.0
670,2020-01-14T23:00:00,0.0,1.0,0.0
671,2020-01-14T23:30:00,1.0,0.0,1.0
672,2020-01-15T00:00:00,0.0,1.0,0.0
673,2020-01-15T00:30:00,0.0,1.0,0.0
674,2020-01-15T01:00:00,1.0,0.0,0.0
675,2020-01-15T01:30:00,0.0,0.0,0.0
676,2020-01-15T02:00:00,0.0,0.0,0.0
677,2020-01-15T02:30:00,16.0,0.0,0.0
678,2020-01-15T03:00:00,0.0,0.0,0.0
679,2020-01-15T03:30:00,0.0,0.0,0.0
680,2020-01-15T04:00:00,0.0,0.0,0.0
681,2020-01-15T04:30:00,0.0,0.0,0.0
682,2020-01-15T05:00:00,0.0,0.0,0.0
683,2020-01-15T05:30:00,3.0,0.0,0.0
684,2020-01-15T06:00:00,0.0,1.0,0.0
685,2020-01-15T06:30:00,3.0,1.0,0.0
686,2020-01-15T07:00:00,3.0,1.0,0.0
687,2020-01-15T07:30:00,1.0,2.0,0.0
688,2020-01-15T08:00:00,2.0,2.0,1.0
689,2020-01-15T08:30:00,1.0,4.0,1.0
690,2020-01-15T09:00:00,3.0,2.0,2.0
691,2020-01-15T09:30:00,0.0,2.0,0.0
692,2020-01-15T10:00:00,1.0,2.0,0.0
693,2020-01-15T10:30:00,0.0,0.0,1.0
694,2020-01-15T11:00:00,4.0,2.0,0.0
695,2020-01-15T11:30:00,1.0,4.0,0.0
696,2020-01-15T12:00:00,0.0,0.0,2.0
697,2020-01-15T12:30:00,2.0,2.0,0.0
698,2020-01-15T13:00:00,2.0,4.0,2.0
699,2020-01-15T13:30:00,5.0,2.0,0.0
700,2020-01-15T14:00:00,1.0,1.0,0.0
701,2020-01-15T14:30:00,0.0,2.0,0.0
702,2020-01-15T15:00:00,4.0,0.0,0.0
703,2020-01-15T15:30:00,0.0,0.0,0.0
704,2020-01-15T16:00:00,2.0,2.0,2.0
705,2020-01-15T16:30:00,0.0,4.0,0.0
706,2020-01-15T17:00:00,0.0,13.0,0.0
707,2020-01-15T17:30:00,0.0,2.0,0.0
708,2020-01-15T18:00:00,2.0,5.0,0.0
709,2020-01-15T18:30:00,4.0,2.0,1.0
710,2020-01-15T19:00:00,1.0,1.0,0.0
711,2020-01-15T19:30:00,8.0,2.0,0.0
712,2020-01-15T20:00:00,5.0,0.0,0.0
713,2020-01-15T20:30:00,1.0,3.0,0.0
714,2020-01-15T21:00:00,0.0,2.0,0.0
715,2020-01-15T21:30:00,2.0,1.0,0.0
716,2020-01-15T22:00:00,0.0,6.0,0.0
717,2020-01-15T22:30:00,2.0,1.0,0.0
718,2020-01-15T23:00:00,0.0,0.0,0.0
719,2020-01-15T23:30:00,2.0,0.0,0.0
720,2020-01-16T00:00:00,0.0,0.0,0.0
721,2020-01-16T00:30:00,0.0,1.0,0.0
722,2020-01-16T01:00:00,0.0,0.0,0.0
723,2020-01-16T01:30:00,0.0,0.0,0.0
724,2020-01-16T02:00:00,0.0,0.0,0.0
725,2020-01-16T02:30:00,0.0,0.0,0.0
726,2020-01-16T03:00:00,0.0,0.0,0.0
727,2020-01-16T03:30:00,1.0,0.0,0.0
728,2020-01-16T04:00:00,1.0,0.0,0.0
729,2020-01-16T04:30:00,1.0,0.0,0.0
730,2020-01-16T05:00:00,0.0,0.0,0.0
731,2020-01-16T05:30:00,2.0,0.0,1.0
732,2020-01-16T06:00:00,0.0,0.0,0.0
733,2020-01-16T06:30:00,2.0,0.0,0.0
734,2020-01-16T07:00:00,5.0,3.0,2.0
735,2020-01-16T07:30:00,9.0,2.0,1.0
736,2020-01-16T08:00:00,4.0,3.0,0.0
737,2020-01-16T08:30:00,2.0,1.0,0.0
738,2020-01-16T09:00:00,3.0,3.0,2.0
739,2020-01-16T09:30:00,1.0,0.0,0.0
740,2020-01-16T10:00:00,0.0,1.0,0.0
741,2020-01-16T10:30:00,1.0,2.0,0.0
742,2020-01-16T11:00:00,0.0,2.0,0.0
743,2020-01-16T11:30:00,2.0,0.0,1.0
744,2020-01-16T12:00:00,1.0,3.0,1.0
745,2020-01-16T12:30:00,2.0,1.0,0.0
746,2020-01-16T13:00:00,0.0,6.0,0.0
747,2020-01-16T13:30:00,2.0,2.0,0.0
748,2020-01-16T14:00:00,1.0,4.0,0.0
749,2020-01-16T14:30:00,1.0,2.0,2.0
750,2020-01-16T15:00:00,1.0,1.0,1.0
751,2020-01-16T15:30:00,1.0,3.0,0.0
752,2020-01-16T16:00:00,2.0,6.0,0.0
753,2020-01-16T16:30:00,2.0,1.0,0.0
754,2020-01-16T17:00:00,3.0,1.0,0.0
755,2020-01-16T17:30:00,3.0,10.0,0.0
756,2020-01-16T18:00:00,7.0,0.0,0.0
757,2020-01-16T18:30:00,0.0,1.0,0.0
758,2020-01-16T19:00:00,3.0,7.0,0.0
759,2020-01-16T19:30:00,0.0,2.0,0.0
760,2020-01-16T20:00:00,0.0,2.0,0.0
761,2020-01-16T20:30:00,16.0,1.0,0.0
762,2020-01-16T21:00:00,0.0,3.0,0.0
763,2020-01-16T21:30:00,4.0,0.0,0.0
764,2020-01-16T22:00:00,2.0,3.0,0.0
765,2020-01-16T22:30:00,0.0,0.0,0.0
766,2020-01-16T23:00:00,1.0,2.0,0.0
767,2020-01-16T23:30:00,2.0,0.0,0.0
768,2020-01-17T00:00:00,1.0,3.0,0.0
769,2020-01-17T00:30:00,0.0,0.0,0.0
770,2020-01-17T01:00:00,1.0,1.0,0.0
771,2020-01-17T01:30:00,0.0,0.0,0.0
772,2020-01-17T02:00:00,0.0,0.0,0.0
773,2020-01-17T02:30:00,2.0,0.0,0.0
774,2020-01-17T03:00:00,0.0,0.0,0.0
775,2020-01-17T03:30:00,1.0,1.0,0.0
776,2020-01-17T04:00:00,10.0,0.0,0.0
777,2020-01-17T04:30:00,0.0,0.0,0.0
778,2020-01-17T05:00:00,0.0,0.0,0.0
779,2020-01-17T05:30:00,1.0,1.0,0.0
780,2020-01-17T06:00:00,0.0,1.0,0.0
781,2020-01-17T06:30:00,4.0,1.0,0.0
782,2020-01-17T07:00:00,7.0,0.0,1.0
783,2020-01-17T07:30:00,2.0,2.0,2.0
784,2020-01-17T08:00:00,1.0,2.0,1.0
785,2020-01-17T08:30:00,2.0,3.0,1.0
786,2020-01-17T09:00:00,3.0,1.0,0.0
787,2020-01-17T09:30:00,0.0,2.0,1.0
788,2020-01-17T10:00:00,1.0,5.0,0.0
789,2020-01-17T10:30:00,3.0,0.0,0.0
790,2020-01-17T11:00:00,2.0,3.0,0.0
791,2020-01-17T11:30:00,1.0,4.0,0.0
792,2020-01-17T12:00:00,0.0,5.0,0.0
793,2020-01-17T12:30:00,0.0,0.0,0.0
794,2020-01-17T13:00:00,0.0,5.0,0.0
795,2020-01-17T13:30:00,1.0,3.0,0.0
796,2020-01-17T14:00:00,3.0,1.0,0.0
797,2020-01-17T14:30:00,0.0,0.0,1.0
798,2020-01-17T15:00:00,2.0,3.0,1.0
799,2020-01-17T15:30:00,0.0,0.0,0.0
800,2020-01-17T16:00:00,2.0,2.0,0.0
801,2020-01-17T16:30:00,3.0,13.0,1.0
802,2020-01-17T17:00:00,14.0,3.0,0.0
803,2020-01-17T17:30:00,3.0,2.0,0.0
804,2020-01-17T18:00:00,2.0,1.0,0.0
805,2020-01-17T18:30:00,3.0,3.0,0.0
806,2020-01-17T19:00:00,3.0,1.0,1.0
807,2020-01-17T19:30:00,1.0,6.0,1.0
808,2020-01-17T20:00:00,1.0,4.0,0.0
809,2020-01-17T20:30:00,1.0,1.0,0.0
810,2020-01-17T21:00:00,0.0,6.0,0.0
811,2020-01-17T21:30:00,3.0,3.0,0.0
812,2020-01-17T22:00:00,1.0,2.0,0.0
813,2020-01-17T22:30:00,16.0,1.0,0.0
814,2020-01-17T23:00:00,2.0,4.0,0.0
815,2020-01-17T23:30:00,2.0,0.0,0.0
816,2020-01-18T00:00:00,1.0,1.0,0.0
817,2020-01-18T00:30:00,0.0,0.0,0.0
818,2020-01-18T01:00:00,2.0,2.0,0.0
819,2020-01-18T01:30:00,0.0,1.0,0.0
820,2020-01-18T02:00:00,2.0,6.0,0.0
821,2020-01-18T02:30:00,1.0,0.0,0.0
822,2020-01-18T03:00:00,1.0,0.0,0.0
823,2020-01-18T03:30:00,0.0,1.0,0.0
824,2020-01-18T04:00:00,0.0,2.0,0.0
825,2020-01-18T04:30:00,1.0,0.0,0.0
826,2020-01-18T05:00:00,0.0,2.0,0.0
827,2020-01-18T05:30:00,0.0,0.0,0.0
828,2020-01-18T06:00:00,0.0,1.0,0.0
829,2020-01-18T06:30:00,0.0,0.0,0.0
830,2020-01-18T07:00:00,0.0,0.0,0.0
831,2020-01-18T07:30:00,1.0,0.0,0.0
832,2020-01-18T08:00:00,3.0,1.0,0.0
833,2020-01-18T08:30:00,2.0,0.0,1.0
834,2020-01-18T09:00:00,0.0,1.0,0.0
835,2020-01-18T09:30:00,0.0,4.0,1.0
836,2020-01-18T10:00:00,2.0,0.0,0.0
837,2020-01-18T10:30:00,0.0,0.0,0.0
838,2020-01-18T11:00:00,0.0,2.0,2.0
839,2020-01-18T11:30:00,1.0,0.0,1.0
840,2020-01-18T12:00:00,3.0,2.0,0.0
841,2020-01-18T12:30:00,1.0,4.0,1.0
842,2020-01-18T13:00:00,1.0,2.0,0.0
843,2020-01-18T13:30:00,2.0,0.0,0.0
844,2020-01-18T14:00:00,3.0,0.0,0.0
845,2020-01-18T14:30:00,2.0,4.0,1.0
846,2020-01-18T15:00:00,3.0,0.0,0.0
847,2020-01-18T15:30:00,1.0,2.0,0.0
848,2020-01-18T16:00:00,2.0,0.0,0.0
849,2020-01-18T16:30:00,0.0,1.0,0.0
850,2020-01-18T17:00:00,1.0,0.0,0.0
851,2020-01-18T17:30:00,2.0,0.0,0.0
852,2020-01-18T18:00:00,1.0,2.0,0.0
853,2020-01-18T18:30:00,0.0,1.0,0.0
854,2020-01-18T19:00:00,1.0,1.0,0.0
855,2020-01-18T19:30:00,0.0,1.0,0.0
856,2020-01-18T20:00:00,15.0,2.0,0.0
857,2020-01-18T20:30:00,1.0,5.0,0.0
858,2020-01-18T21:00:00,1.0,0.0,0.0
859,2020-01-18T21:30:00,2.0,1.0,2.0
860,2020-01-18T22:00:00,0.0,3.0,0.0
861,2020-01-18T22:30:00,1.0,1.0,0.0
862,2020-01-18T23:00:00,1.0,1.0,0.0
863,2020-01-18T23:30:00,2.0,2.0,0.0
864,2020-01-19T00:00:00,5.0,2.0,0.0
865,2020-01-19T00:30:00,2.0,1.0,1.0
866,2020-01-19T01:00:00,0.0,1.0,0.0
867,2020-01-19T01:30:00,0.0,0.0,0.0
868,2020-01-19T02:00:00,0.0,0.0,0.0
869,2020-01-19T02:30:00,1.0,1.0,0.0
870,2020-01-19T03:00:00,1.0,0.0,0.0
871,2020-01-19T03:30:00,0.0,0.0,0.0
872,2020-01-19T04:00:00,0.0,0.0,0.0
873,2020-01-19T04:30:00,0.0,0.0,0.0
874,2020-01-19T05:00:00,1.0,0.0,0.0
875,2020-01-19T05:30:00,0.0,0.0,0.0
876,2020-01-19T06:00:00,1.0,1.0,0.0
877,2020-01-19T06:30:00,0.0,1.0,0.0
878,2020-01-19T07:00:00,0.0,1.0,0.0
879,2020-01-19T07:30:00,0.0,0.0,0.0
880,2020-01-19T08:00:00,1.0,0.0,0.0
881,2020-01-19T08:30:00,1.0,0.0,0.0
882,2020-01-19T09:00:00,3.0,1.0,0.0
883,2020-01-19T09:30:00,1.0,0.0,0.0
884,2020-01-19T10:00:00,2.0,1.0,0.0
885,2020-01-19T10:30:00,0.0,2.0,0.0
886,2020-01-19T11:00:00,0.0,0.0,0.0
887,2020-01-19T11:30:00,5.0,0.0,0.0
888,2020-01-19T12:00:00,1.0,2.0,0.0
889,2020-01-19T12:30:00,2.0,2.0,0.0
890,2020-01-19T13:00:00,1.0,2.0,0.0
891,2020-01-19T13:30:00,0.0,0.0,0.0
892,2020-01-19T14:00:00,1.0,2.0,0.0
893,2020-01-19T14:30:00,0.0,1.0,0.0
894,2020-01-19T15:00:00,3.0,0.0,0.0
895,2020-01-19T15:30:00,0.0,4.0,1.0
896,2020-01-19T16:00:00,2.0,1.0,0.0
897,2020-01-19T16:30:00,1.0,2.0,0.0
898,2020-01-19T17:00:00,0.0,0.0,0.0
899,2020-01-19T17:30:00,1.0,0.0,0.0
900,2020-01-19T18:00:00,0.0,2.0,0.0
901,2020-01-19T18:30:00,1.0,1.0,0.0
902,2020-01-19T19:00:00,1.0,0.0,0.0
903,2020-01-19T19:30:00,0.0,2.0,0.0
904,2020-01-19T20:00:00,0.0,4.0,0.0
905,2020-01-19T20:30:00,1.0,0.0,0.0
906,2020-01-19T21:00:00,0.0,1.0,0.0
907,2020-01-19T21:30:00,1.0,0.0,1.0
908,2020-01-19T22:00:00,1.0,0.0,0.0
909,2020-01-19T22:30:00,2.0,1.0,0.0
910,2020-01-19T23:00:00,0.0,1.0,0.0
911,2020-01-19T23:30:00,0.0,0.0,0.0
912,2020-01-20T00:00:00,0.0,0.0,0.0
913,2020-01-20T00:30:00,2.0,0.0,0.0
914,2020-01-20T01:00:00,0.0,0.0,0.0
915,2020-01-20T01:30:00,6.0,0.0,0.0
916,2020-01-20T02:00:00,0.0,0.0,0.0
917,2020-01-20T02:30:00,0.0,0.0,0.0
918,2020-01-20T03:00:00,0.0,0.0,0.0
919,2020-01-20T03:30:00,0.0,0.0,0.0
920,2020-01-20T04:00:00,0.0,0.0,0.0
921,2020-01-20T04:30:00,0.0,0.0,0.0
922,2020-01-20T05:00:00,1.0,0.0,0.0
923,2020-01-20T05:30:00,2.0,1.0,1.0
924,2020-01-20T06:00:00,2.0,0.0,0.0
925,2020-01-20T06:30:00,3.0,0.0,1.0
926,2020-01-20T07:00:00,0.0,0.0,2.0
927,2020-01-20T07:30:00,1.0,2.0,1.0
928,2020-01-20T08:00:00,0.0,0.0,0.0
929,2020-01-20T08:30:00,2.0,1.0,2.0
930,2020-01-20T09:00:00,1.0,1.0,0.0
931,2020-01-20T09:30:00,0.0,1.0,0.0
932,2020-01-20T10:00:00,0.0,1.0,0.0
933,2020-01-20T10:30:00,1.0,0.0,0.0
934,2020-01-20T11:00:00,3.0,0.0,0.0
935,2020-01-20T11:30:00,2.0,2.0,0.0
936,2020-01-20T12:00:00,0.0,4.0,1.0
937,2020-01-20T12:30:00,0.0,5.0,1.0
938,2020-01-20T13:00:00,1.0,2.0,7.0
939,2020-01-20T13:30:00,4.0,2.0,0.0
940,2020-01-20T14:00:00,3.0,0.0,0.0
941,2020-01-20T14:30:00,1.0,5.0,0.0
942,2020-01-20T15:00:00,0.0,1.0,0.0
943,2020-01-20T15:30:00,2.0,3.0,1.0
944,2020-01-20T16:00:00,1.0,3.0,3.0
945,2020-01-20T16:30:00,1.0,2.0,1.0
946,2020-01-20T17:00:00,2.0,3.0,0.0
947,2020-01-20T17:30:00,1.0,1.0,0.0
948,2020-01-20T18:00:00,0.0,0.0,2.0
949,2020-01-20T18:30:00,0.0,0.0,1.0
950,2020-01-20T19:00:00,1.0,2.0,0.0
951,2020-01-20T19:30:00,2.0,3.0,0.0
952,2020-01-20T20:00:00,1.0,0.0,0.0
953,2020-01-20T20:30:00,0.0,0.0,0.0
954,2020-01-20T21:00:00,0.0,1.0,0.0
955,2020-01-20T21:30:00,0.0,0.0,0.0
956,2020-01-20T22:00:00,1.0,0.0,0.0
957,2020-01-20T22:30:00,1.0,0.0,0.0
958,2020-01-20T23:00:00,1.0,0.0,0.0
959,2020-01-20T23:30:00,1.0,0.0,0.0
960,2020-01-21T00:00:00,1.0,0.0,0.0
961,2020-01-21T00:30:00,0.0,0.0,0.0
962,2020-01-21T01:00:00,1.0,0.0,0.0
963,2020-01-21T01:30:00,0.0,0.0,0.0
964,2020-01-21T02:00:00,0.0,0.0,0.0
965,2020-01-21T02:30:00,0.0,0.0,0.0
966,2020-01-21T03:00:00,0.0,0.0,0.0
967,2020-01-21T03:30:00,0.0,0.0,0.0
968,2020-01-21T04:00:00,0.0,0.0,0.0
969,2020-01-21T04:30:00,0.0,0.0,0.0
970,2020-01-21T05:00:00,1.0,0.0,0.0
971,2020-01-21T05:30:00,0.0,0.0,0.0
972,2020-01-21T06:00:00,0.0,0.0,0.0
973,2020-01-21T06:30:00,1.0,0.0,0.0
974,2020-01-21T07:00:00,0.0,0.0,0.0
975,2020-01-21T07:30:00,0.0,0.0,0.0
976,2020-01-21T08:00:00,0.0,0.0,0.0
977,2020-01-21T08:30:00,0.0,1.0,1.0
978,2020-01-21T09:00:00,0.0,0.0,0.0
979,2020-01-21T09:30:00,0.0,0.0,0.0
980,2020-01-21T10:00:00,0.0,0.0,0.0
981,2020-01-21T10:30:00,0.0,1.0,0.0
982,2020-01-21T11:00:00,0.0,0.0,0.0
983,2020-01-21T11:30:00,0.0,0.0,1.0
984,2020-01-21T12:00:00,0.0,0.0,0.0
985,2020-01-21T12:30:00,1.0,2.0,1.0
986,2020-01-21T13:00:00,1.0,2.0,2.0
987,2020-01-21T13:30:00,0.0,1.0,1.0
988,2020-01-21T14:00:00,1.0,0.0,0.0
989,2020-01-21T14:30:00,1.0,0.0,1.0
990,2020-01-21T15:00:00,2.0,2.0,0.0
991,2020-01-21T15:30:00,0.0,2.0,0.0
992,2020-01-21T16:00:00,2.0,1.0,0.0
993,2020-01-21T16:30:00,0.0,1.0,0.0
994,2020-01-21T17:00:00,1.0,1.0,0.0
995,2020-01-21T17:30:00,0.0,2.0,0.0
996,2020-01-21T18:00:00,14.0,1.0,0.0
997,2020-01-21T18:30:00,0.0,0.0,0.0
998,2020-01-21T19:00:00,1.0,1.0,0.0
999,2020-01-21T19:30:00,0.0,0.0,0.0
1000,2020-01-21T20:00:00,1.0,0.0,0.0
1001,2020-01-21T20:30:00,0.0,0.0,0.0
1002,2020-01-21T21:00:00,0.0,0.0,0.0
1003,2020-01-21T21:30:00,0.0,1.0,0.0
1004,2020-01-21T22:00:00,0.0,1.0,0.0
1005,2020-01-21T22:30:00,0.0,0.0,0.0
1006,2020-01-21T23:00:00,0.0,1.0,0.0
1007,2020-01-21T23:30:00,0.0,0.0,0.0
1008,2020-01-22T00:00:00,0.0,0.0,0.0
1009,2020-01-22T00:30:00,0.0,0.0,0.0
1010,2020-01-22T01:00:00,0.0,0.0,12.0
1011,2020-01-22T01:30:00,0.0,0.0,0.0
1012,2020-01-22T02:00:00,0.0,0.0,0.0
1013,2020-01-22T02:30:00,0.0,0.0,0.0
1014,2020-01-22T03:00:00,0.0,0.0,0.0
1015,2020-01-22T03:30:00,0.0,0.0,0.0
1016,2020-01-22T04:00:00,0.0,0.0,0.0
1017,2020-01-22T04:30:00,0.0,0.0,0.0
1018,2020-01-22T05:00:00,1.0,0.0,0.0
1019,2020-01-22T05:30:00,1.0,1.0,1.0
1020,2020-01-22T06:00:00,1.0,1.0,1.0
1021,2020-01-22T06:30:00,3.0,0.0,0.0
1022,2020-01-22T07:00:00,1.0,0.0,1.0
1023,2020-01-22T07:30:00,3.0,2.0,2.0
1024,2020-01-22T08:00:00,1.0,0.0,0.0
1025,2020-01-22T08:30:00,2.0,2.0,0.0
1026,2020-01-22T09:00:00,1.0,2.0,0.0
1027,2020-01-22T09:30:00,2.0,1.0,0.0
1028,2020-01-22T10:00:00,0.0,1.0,2.0
1029,2020-01-22T10:30:00,1.0,0.0,0.0
1030,2020-01-22T11:00:00,0.0,0.0,1.0
1031,2020-01-22T11:30:00,0.0,0.0,1.0
1032,2020-01-22T12:00:00,3.0,2.0,0.0
1033,2020-01-22T12:30:00,3.0,1.0,0.0
1034,2020-01-22T13:00:00,0.0,3.0,1.0
1035,2020-01-22T13:30:00,3.0,1.0,1.0
1036,2020-01-22T14:00:00,3.0,2.0,0.0
1037,2020-01-22T14:30:00,1.0,2.0,1.0
1038,2020-01-22T15:00:00,0.0,0.0,0.0
1039,2020-01-22T15:30:00,3.0,1.0,0.0
1040,2020-01-22T16:00:00,2.0,3.0,0.0
1041,2020-01-22T16:30:00,1.0,4.0,1.0
1042,2020-01-22T17:00:00,3.0,0.0,1.0
1043,2020-01-22T17:30:00,0.0,6.0,1.0
1044,2020-01-22T18:00:00,0.0,0.0,0.0
1045,2020-01-22T18:30:00,0.0,4.0,0.0
1046,2020-01-22T19:00:00,4.0,4.0,0.0
1047,2020-01-22T19:30:00,0.0,0.0,1.0
1048,2020-01-22T20:00:00,1.0,2.0,0.0
1049,2020-01-22T20:30:00,0.0,1.0,0.0
1050,2020-01-22T21:00:00,0.0,2.0,0.0
1051,2020-01-22T21:30:00,0.0,0.0,0.0
1052,2020-01-22T22:00:00,2.0,0.0,0.0
1053,2020-01-22T22:30:00,2.0,2.0,0.0
1054,2020-01-22T23:00:00,0.0,0.0,0.0
1055,2020-01-22T23:30:00,0.0,1.0,0.0
1056,2020-01-23T00:00:00,3.0,0.0,0.0
1057,2020-01-23T00:30:00,0.0,1.0,0.0
1058,2020-01-23T01:00:00,1.0,0.0,0.0
1059,2020-01-23T01:30:00,0.0,0.0,0.0
1060,2020-01-23T02:00:00,0.0,0.0,0.0
1061,2020-01-23T02:30:00,0.0,0.0,0.0
1062,2020-01-23T03:00:00,0.0,0.0,0.0
1063,2020-01-23T03:30:00,0.0,0.0,0.0
1064,2020-01-23T04:00:00,0.0,0.0,0.0
1065,2020-01-23T04:30:00,0.0,0.0,0.0
1066,2020-01-23T05:00:00,0.0,0.0,0.0
1067,2020-01-23T05:30:00,1.0,1.0,0.0
1068,2020-01-23T06:00:00,1.0,1.0,0.0
1069,2020-01-23T06:30:00,1.0,0.0,0.0
1070,2020-01-23T07:00:00,4.0,2.0,1.0
1071,2020-01-23T07:30:00,8.0,0.0,2.0
1072,2020-01-23T08:00:00,1.0,0.0,0.0
1073,2020-01-23T08:30:00,2.0,4.0,1.0
1074,2020-01-23T09:00:00,6.0,1.0,4.0
1075,2020-01-23T09:30:00,3.0,1.0,1.0
1076,2020-01-23T10:00:00,0.0,0.0,1.0
1077,2020-01-23T10:30:00,1.0,1.0,0.0
1078,2020-01-23T11:00:00,2.0,4.0,0.0
1079,2020-01-23T11:30:00,1.0,0.0,0.0
1080,2020-01-23T12:00:00,1.0,2.0,3.0
1081,2020-01-23T12:30:00,1.0,2.0,2.0
1082,2020-01-23T13:00:00,1.0,2.0,3.0
1083,2020-01-23T13:30:00,3.0,4.0,2.0
1084,2020-01-23T14:00:00,1.0,3.0,0.0
1085,2020-01-23T14:30:00,2.0,5.0,1.0
1086,2020-01-23T15:00:00,1.0,0.0,1.0
1087,2020-01-23T15:30:00,0.0,2.0,0.0
1088,2020-01-23T16:00:00,18.0,7.0,1.0
1089,2020-01-23T16:30:00,0.0,3.0,1.0
1090,2020-01-23T17:00:00,0.0,0.0,1.0
1091,2020-01-23T17:30:00,3.0,0.0,0.0
1092,2020-01-23T18:00:00,2.0,3.0,0.0
1093,2020-01-23T18:30:00,0.0,0.0,0.0
1094,2020-01-23T19:00:00,0.0,1.0,0.0
1095,2020-01-23T19:30:00,4.0,3.0,0.0
1096,2020-01-23T20:00:00,0.0,8.0,0.0
1097,2020-01-23T20:30:00,16.0,0.0,0.0
1098,2020-01-23T21:00:00,0.0,0.0,0.0
1099,2020-01-23T21:30:00,0.0,0.0,0.0
1100,2020-01-23T22:00:00,2.0,1.0,0.0
1101,2020-01-23T22:30:00,1.0,0.0,0.0
1102,2020-01-23T23:00:00,1.0,3.0,0.0
1103,2020-01-23T23:30:00,0.0,0.0,0.0
1104,2020-01-24T00:00:00,0.0,2.0,0.0
1105,2020-01-24T00:30:00,17.0,0.0,0.0
1106,2020-01-24T01:00:00,0.0,1.0,0.0
1107,2020-01-24T01:30:00,0.0,0.0,0.0
1108,2020-01-24T02:00:00,0.0,0.0,0.0
1109,2020-01-24T02:30:00,0.0,0.0,0.0
1110,2020-01-24T03:00:00,0.0,0.0,11.0
1111,2020-01-24T03:30:00,1.0,1.0,0.0
1112,2020-01-24T04:00:00,0.0,0.0,0.0
1113,2020-01-24T04:30:00,0.0,0.0,0.0
1114,2020-01-24T05:00:00,2.0,0.0,0.0
1115,2020-01-24T05:30:00,2.0,0.0,0.0
1116,2020-01-24T06:00:00,1.0,0.0,0.0
1117,2020-01-24T06:30:00,1.0,3.0,1.0
1118,2020-01-24T07:00:00,1.0,1.0,2.0
1119,2020-01-24T07:30:00,1.0,3.0,2.0
1120,2020-01-24T08:00:00,1.0,2.0,0.0
1121,2020-01-24T08:30:00,1.0,2.0,0.0
1122,2020-01-24T09:00:00,1.0,0.0,0.0
1123,2020-01-24T09:30:00,1.0,3.0,0.0
1124,2020-01-24T10:00:00,2.0,3.0,1.0
1125,2020-01-24T10:30:00,2.0,3.0,0.0
1126,2020-01-24T11:00:00,1.0,0.0,0.0
1127,2020-01-24T11:30:00,1.0,5.0,0.0
1128,2020-01-24T12:00:00,1.0,4.0,0.0
1129,2020-01-24T12:30:00,1.0,3.0,0.0
1130,2020-01-24T13:00:00,1.0,4.0,0.0
1131,2020-01-24T13:30:00,6.0,2.0,0.0
1132,2020-01-24T14:00:00,1.0,3.0,0.0
1133,2020-01-24T14:30:00,4.0,1.0,0.0
1134,2020-01-24T15:00:00,0.0,1.0,0.0
1135,2020-01-24T15:30:00,1.0,1.0,0.0
1136,2020-01-24T16:00:00,2.0,8.0,0.0
1137,2020-01-24T16:30:00,3.0,2.0,1.0
1138,2020-01-24T17:00:00,2.0,10.0,0.0
1139,2020-01-24T17:30:00,4.0,5.0,0.0
1140,2020-01-24T18:00:00,3.0,4.0,0.0
1141,2020-01-24T18:30:00,2.0,0.0,0.0
1142,2020-01-24T19:00:00,1.0,0.0,0.0
1143,2020-01-24T19:30:00,2.0,1.0,0.0
1144,2020-01-24T20:00:00,1.0,11.0,1.0
1145,2020-01-24T20:30:00,2.0,1.0,0.0
1146,2020-01-24T21:00:00,3.0,0.0,0.0
1147,2020-01-24T21:30:00,1.0,0.0,1.0
1148,2020-01-24T22:00:00,1.0,1.0,0.0
1149,2020-01-24T22:30:00,2.0,3.0,0.0
1150,2020-01-24T23:00:00,0.0,0.0,0.0
1151,2020-01-24T23:30:00,0.0,0.0,0.0
1152,2020-01-25T00:00:00,0.0,0.0,0.0
1153,2020-01-25T00:30:00,0.0,0.0,0.0
1154,2020-01-25T01:00:00,0.0,0.0,0.0
1155,2020-01-25T01:30:00,0.0,0.0,0.0
1156,2020-01-25T02:00:00,0.0,0.0,0.0
1157,2020-01-25T02:30:00,0.0,0.0,0.0
1158,2020-01-25T03:00:00,0.0,0.0,0.0
1159,2020-01-25T03:30:00,0.0,0.0,0.0
1160,2020-01-25T04:00:00,0.0,0.0,0.0
1161,2020-01-25T04:30:00,0.0,0.0,0.0
1162,2020-01-25T05:00:00,0.0,0.0,0.0
1163,2020-01-25T05:30:00,0.0,0.0,0.0
1164,2020-01-25T06:00:00,0.0,0.0,0.0
1165,2020-01-25T06:30:00,0.0,0.0,0.0
1166,2020-01-25T07:00:00,0.0,0.0,0.0
1167,2020-01-25T07:30:00,0.0,0.0,0.0
1168,2020-01-25T08:00:00,0.0,0.0,0.0
1169,2020-01-25T08:30:00,0.0,0.0,0.0
1170,2020-01-25T09:00:00,0.0,0.0,0.0
1171,2020-01-25T09:30:00,0.0,0.0,0.0
1172,2020-01-25T10:00:00,0.0,0.0,0.0
1173,2020-01-25T10:30:00,0.0,0.0,0.0
1174,2020-01-25T11:00:00,0.0,0.0,0.0
1175,2020-01-25T11:30:00,0.0,0.0,0.0
1176,2020-01-25T12:00:00,0.0,0.0,0.0
1177,2020-01-25T12:30:00,0.0,0.0,0.0
1178,2020-01-25T13:00:00,0.0,0.0,0.0
1179,2020-01-25T13:30:00,0.0,0.0,0.0
1180,2020-01-25T14:00:00,0.0,0.0,0.0
1181,2020-01-25T14:30:00,0.0,0.0,0.0
1182,2020-01-25T15:00:00,0.0,0.0,0.0
1183,2020-01-25T15:30:00,0.0,0.0,0.0
1184,2020-01-25T16:00:00,0.0,0.0,0.0
1185,2020-01-25T16:30:00,0.0,0.0,0.0
1186,2020-01-25T17:00:00,0.0,0.0,0.0
1187,2020-01-25T17:30:00,0.0,0.0,0.0
1188,2020-01-25T18:00:00,0.0,0.0,0.0
1189,2020-01-25T18:30:00,0.0,0.0,0.0
1190,2020-01-25T19:00:00,0.0,0.0,0.0
1191,2020-01-25T19:30:00,0.0,0.0,0.0
1192,2020-01-25T20:00:00,0.0,0.0,0.0
1193,2020-01-25T20:30:00,0.0,0.0,0.0
1194,2020-01-25T21:00:00,0.0,0.0,0.0
1195,2020-01-25T21:30:00,0.0,0.0,0.0
1196,2020-01-25T22:00:00,0.0,0.0,0.0
1197,2020-01-25T22:30:00,0.0,0.0,0.0
1198,2020-01-25T23:00:00,0.0,0.0,0.0
1199,2020-01-25T23:30:00,0.0,0.0,0.0
1200,2020-01-26T00:00:00,0.0,0.0,0.0
1201,2020-01-26T00:30:00,0.0,0.0,0.0
1202,2020-01-26T01:00:00,0.0,0.0,0.0
1203,2020-01-26T01:30:00,0.0,0.0,0.0
1204,2020-01-26T02:00:00,0.0,0.0,0.0
1205,2020-01-26T02:30:00,0.0,0.0,0.0
1206,2020-01-26T03:00:00,0.0,0.0,0.0
1207,2020-01-26T03:30:00,0.0,0.0,0.0
1208,2020-01-26T04:00:00,0.0,0.0,0.0
1209,2020-01-26T04:30:00,0.0,0.0,0.0
1210,2020-01-26T05:00:00,0.0,0.0,0.0
1211,2020-01-26T05:30:00,0.0,0.0,0.0
1212,2020-01-26T06:00:00,0.0,0.0,0.0
1213,2020-01-26T06:30:00,0.0,0.0,0.0
1214,2020-01-26T07:00:00,0.0,0.0,0.0
1215,2020-01-26T07:30:00,0.0,0.0,0.0
1216,2020-01-26T08:00:00,0.0,0.0,0.0
1217,2020-01-26T08:30:00,0.0,0.0,0.0
1218,2020-01-26T09:00:00,0.0,0.0,0.0
1219,2020-01-26T09:30:00,0.0,0.0,0.0
1220,2020-01-26T10:00:00,0.0,0.0,0.0
1221,2020-01-26T10:30:00,0.0,0.0,0.0
1222,2020-01-26T11:00:00,0.0,0.0,0.0
1223,2020-01-26T11:30:00,0.0,0.0,0.0
1224,2020-01-26T12:00:00,0.0,0.0,0.0
1225,2020-01-26T12:30:00,0.0,0.0,0.0
1226,2020-01-26T13:00:00,0.0,0.0,0.0
1227,2020-01-26T13:30:00,0.0,0.0,0.0
1228,2020-01-26T14:00:00,0.0,0.0,0.0
1229,2020-01-26T14:30:00,0.0,0.0,0.0
1230,2020-01-26T15:00:00,0.0,0.0,0.0
1231,2020-01-26T15:30:00,0.0,0.0,0.0
1232,2020-01-26T16:00:00,0.0,0.0,0.0
1233,2020-01-26T16:30:00,0.0,0.0,0.0
1234,2020-01-26T17:00:00,0.0,0.0,0.0
1235,2020-01-26T17:30:00,0.0,0.0,0.0
1236,2020-01-26T18:00:00,0.0,0.0,0.0
1237,2020-01-26T18:30:00,0.0,0.0,0.0
1238,2020-01-26T19:00:00,0.0,0.0,0.0
1239,2020-01-26T19:30:00,0.0,0.0,0.0
1240,2020-01-26T20:00:00,0.0,0.0,0.0
1241,2020-01-26T20:30:00,0.0,0.0,0.0
1242,2020-01-26T21:00:00,0.0,0.0,0.0
1243,2020-01-26T21:30:00,0.0,0.0,0.0
1244,2020-01-26T22:00:00,0.0,0.0,0.0
1245,2020-01-26T22:30:00,0.0,0.0,0.0
1246,2020-01-26T23:00:00,0.0,0.0,0.0
1247,2020-01-26T23:30:00,0.0,0.0,0.0
1248,2020-01-27T00:00:00,0.0,0.0,0.0
1249,2020-01-27T00:30:00,0.0,0.0,0.0
1250,2020-01-27T01:00:00,0.0,0.0,0.0
1251,2020-01-27T01:30:00,0.0,0.0,0.0
1252,2020-01-27T02:00:00,0.0,0.0,0.0
1253,2020-01-27T02:30:00,0.0,0.0,0.0
1254,2020-01-27T03:00:00,0.0,0.0,0.0
1255,2020-01-27T03:30:00,0.0,0.0,0.0
1256,2020-01-27T04:00:00,0.0,0.0,0.0
1257,2020-01-27T04:30:00,0.0,0.0,0.0
1258,2020-01-27T05:00:00,0.0,0.0,0.0
1259,2020-01-27T05:30:00,0.0,0.0,0.0
1260,2020-01-27T06:00:00,0.0,0.0,0.0
1261,2020-01-27T06:30:00,1.0,1.0,0.0
1262,2020-01-27T07:00:00,0.0,0.0,1.0
1263,2020-01-27T07:30:00,1.0,3.0,0.0
1264,2020-01-27T08:00:00,0.0,0.0,0.0
1265,2020-01-27T08:30:00,3.0,1.0,0.0
1266,2020-01-27T09:00:00,2.0,1.0,2.0
1267,2020-01-27T09:30:00,1.0,2.0,2.0
1268,2020-01-27T10:00:00,1.0,1.0,0.0
1269,2020-01-27T10:30:00,0.0,4.0,0.0
1270,2020-01-27T11:00:00,2.0,1.0,0.0
1271,2020-01-27T11:30:00,2.0,1.0,1.0
1272,2020-01-27T12:00:00,2.0,2.0,0.0
1273,2020-01-27T12:30:00,0.0,0.0,0.0
1274,2020-01-27T13:00:00,1.0,6.0,0.0
1275,2020-01-27T13:30:00,1.0,0.0,0.0
1276,2020-01-27T14:00:00,2.0,1.0,0.0
1277,2020-01-27T14:30:00,1.0,4.0,1.0
1278,2020-01-27T15:00:00,0.0,3.0,0.0
1279,2020-01-27T15:30:00,2.0,4.0,0.0
1280,2020-01-27T16:00:00,2.0,3.0,1.0
1281,2020-01-27T16:30:00,0.0,3.0,0.0
1282,2020-01-27T17:00:00,3.0,9.0,1.0
1283,2020-01-27T17:30:00,1.0,1.0,0.0
1284,2020-01-27T18:00:00,4.0,1.0,1.0
1285,2020-01-27T18:30:00,3.0,3.0,0.0
1286,2020-01-27T19:00:00,4.0,0.0,2.0
1287,2020-01-27T19:30:00,3.0,0.0,0.0
1288,2020-01-27T20:00:00,1.0,0.0,0.0
1289,2020-01-27T20:30:00,0.0,4.0,1.0
1290,2020-01-27T21:00:00,1.0,2.0,0.0
1291,2020-01-27T21:30:00,1.0,0.0,1.0
1292,2020-01-27T22:00:00,1.0,1.0,0.0
1293,2020-01-27T22:30:00,2.0,0.0,0.0
1294,2020-01-27T23:00:00,0.0,0.0,0.0
1295,2020-01-27T23:30:00,0.0,0.0,0.0
1296,2020-01-28T00:00:00,0.0,0.0,0.0
1297,2020-01-28T00:30:00,1.0,0.0,0.0
1298,2020-01-28T01:00:00,0.0,0.0,0.0
1299,2020-01-28T01:30:00,0.0,0.0,0.0
1300,2020-01-28T02:00:00,1.0,0.0,0.0
1301,2020-01-28T02:30:00,0.0,0.0,0.0
1302,2020-01-28T03:00:00,0.0,0.0,0.0
1303,2020-01-28T03:30:00,0.0,0.0,0.0
1304,2020-01-28T04:00:00,0.0,0.0,0.0
1305,2020-01-28T04:30:00,0.0,0.0,0.0
1306,2020-01-28T05:00:00,0.0,0.0,0.0
1307,2020-01-28T05:30:00,3.0,1.0,0.0
1308,2020-01-28T06:00:00,2.0,0.0,0.0
1309,2020-01-28T06:30:00,2.0,2.0,0.0
1310,2020-01-28T07:00:00,9.0,2.0,1.0
1311,2020-01-28T07:30:00,8.0,2.0,4.0
1312,2020-01-28T08:00:00,2.0,1.0,3.0
1313,2020-01-28T08:30:00,0.0,0.0,1.0
1314,2020-01-28T09:00:00,2.0,0.0,2.0
1315,2020-01-28T09:30:00,0.0,0.0,0.0
1316,2020-01-28T10:00:00,1.0,1.0,0.0
1317,2020-01-28T10:30:00,2.0,2.0,1.0
1318,2020-01-28T11:00:00,3.0,3.0,0.0
1319,2020-01-28T11:30:00,2.0,1.0,0.0
1320,2020-01-28T12:00:00,1.0,2.0,0.0
1321,2020-01-28T12:30:00,1.0,5.0,1.0
1322,2020-01-28T13:00:00,0.0,9.0,0.0
1323,2020-01-28T13:30:00,2.0,4.0,0.0
1324,2020-01-28T14:00:00,1.0,0.0,0.0
1325,2020-01-28T14:30:00,2.0,3.0,1.0
1326,2020-01-28T15:00:00,4.0,1.0,1.0
1327,2020-01-28T15:30:00,2.0,0.0,1.0
1328,2020-01-28T16:00:00,2.0,7.0,1.0
1329,2020-01-28T16:30:00,1.0,1.0,0.0
1330,2020-01-28T17:00:00,1.0,4.0,0.0
1331,2020-01-28T17:30:00,1.0,0.0,2.0
1332,2020-01-28T18:00:00,3.0,3.0,0.0
1333,2020-01-28T18:30:00,1.0,1.0,0.0
1334,2020-01-28T19:00:00,0.0,0.0,0.0
1335,2020-01-28T19:30:00,3.0,0.0,0.0
1336,2020-01-28T20:00:00,1.0,0.0,0.0
1337,2020-01-28T20:30:00,15.0,1.0,0.0
1338,2020-01-28T21:00:00,0.0,0.0,0.0
1339,2020-01-28T21:30:00,3.0,0.0,0.0
1340,2020-01-28T22:00:00,0.0,0.0,0.0
1341,2020-01-28T22:30:00,0.0,0.0,1.0
1342,2020-01-28T23:00:00,0.0,1.0,0.0
1343,2020-01-28T23:30:00,0.0,0.0,0.0
1344,2020-01-29T00:00:00,1.0,1.0,0.0
1345,2020-01-29T00:30:00,1.0,0.0,1.0
1346,2020-01-29T01:00:00,0.0,1.0,0.0
1347,2020-01-29T01:30:00,0.0,0.0,0.0
1348,2020-01-29T02:00:00,0.0,0.0,0.0
1349,2020-01-29T02:30:00,0.0,0.0,0.0
1350,2020-01-29T03:00:00,0.0,0.0,1.0
1351,2020-01-29T03:30:00,0.0,0.0,0.0
1352,2020-01-29T04:00:00,0.0,0.0,0.0
1353,2020-01-29T04:30:00,0.0,0.0,0.0
1354,2020-01-29T05:00:00,0.0,0.0,0.0
1355,2020-01-29T05:30:00,2.0,2.0,1.0
1356,2020-01-29T06:00:00,0.0,1.0,2.0
1357,2020-01-29T06:30:00,3.0,1.0,0.0
1358,2020-01-29T07:00:00,3.0,0.0,2.0
1359,2020-01-29T07:30:00,9.0,0.0,1.0
1360,2020-01-29T08:00:00,2.0,1.0,1.0
1361,2020-01-29T08:30:00,3.0,5.0,1.0
1362,2020-01-29T09:00:00,0.0,0.0,3.0
1363,2020-01-29T09:30:00,1.0,2.0,2.0
1364,2020-01-29T10:00:00,1.0,0.0,1.0
1365,2020-01-29T10:30:00,1.0,2.0,1.0
1366,2020-01-29T11:00:00,0.0,2.0,2.0
1367,2020-01-29T11:30:00,2.0,1.0,0.0
1368,2020-01-29T12:00:00,2.0,3.0,0.0
1369,2020-01-29T12:30:00,1.0,2.0,1.0
1370,2020-01-29T13:00:00,0.0,4.0,3.0
1371,2020-01-29T13:30:00,3.0,1.0,1.0
1372,2020-01-29T14:00:00,0.0,2.0,0.0
1373,2020-01-29T14:30:00,2.0,3.0,0.0
1374,2020-01-29T15:00:00,2.0,5.0,1.0
1375,2020-01-29T15:30:00,8.0,2.0,0.0
1376,2020-01-29T16:00:00,4.0,3.0,2.0
1377,2020-01-29T16:30:00,2.0,4.0,1.0
1378,2020-01-29T17:00:00,0.0,2.0,4.0
1379,2020-01-29T17:30:00,0.0,1.0,2.0
1380,2020-01-29T18:00:00,1.0,8.0,0.0
1381,2020-01-29T18:30:00,1.0,4.0,0.0
1382,2020-01-29T19:00:00,0.0,9.0,2.0
1383,2020-01-29T19:30:00,1.0,4.0,0.0
1384,2020-01-29T20:00:00,1.0,0.0,0.0
1385,2020-01-29T20:30:00,1.0,1.0,0.0
1386,2020-01-29T21:00:00,3.0,1.0,0.0
1387,2020-01-29T21:30:00,0.0,2.0,0.0
1388,2020-01-29T22:00:00,0.0,1.0,0.0
1389,2020-01-29T22:30:00,4.0,6.0,0.0
1390,2020-01-29T23:00:00,0.0,0.0,0.0
1391,2020-01-29T23:30:00,0.0,2.0,0.0
1392,2020-01-30T00:00:00,1.0,0.0,0.0
1393,2020-01-30T00:30:00,0.0,1.0,0.0
1394,2020-01-30T01:00:00,0.0,1.0,0.0
1395,2020-01-30T01:30:00,0.0,2.0,0.0
1396,2020-01-30T02:00:00,0.0,0.0,0.0
1397,2020-01-30T02:30:00,0.0,0.0,0.0
1398,2020-01-30T03:00:00,0.0,0.0,0.0
1399,2020-01-30T03:30:00,0.0,0.0,0.0
1400,2020-01-30T04:00:00,0.0,0.0,0.0
1401,2020-01-30T04:30:00,0.0,0.0,0.0
1402,2020-01-30T05:00:00,0.0,0.0,0.0
1403,2020-01-30T05:30:00,1.0,1.0,0.0
1404,2020-01-30T06:00:00,0.0,1.0,1.0
1405,2020-01-30T06:30:00,2.0,2.0,0.0
1406,2020-01-30T07:00:00,6.0,3.0,1.0
1407,2020-01-30T07:30:00,7.0,1.0,4.0
1408,2020-01-30T08:00:00,0.0,1.0,2.0
1409,2020-01-30T08:30:00,4.0,6.0,0.0
1410,2020-01-30T09:00:00,2.0,1.0,2.0
1411,2020-01-30T09:30:00,1.0,1.0,1.0
1412,2020-01-30T10:00:00,0.0,2.0,1.0
1413,2020-01-30T10:30:00,2.0,0.0,0.0
1414,2020-01-30T11:00:00,1.0,3.0,1.0
1415,2020-01-30T11:30:00,1.0,0.0,3.0
1416,2020-01-30T12:00:00,1.0,2.0,5.0
1417,2020-01-30T12:30:00,1.0,1.0,5.0
1418,2020-01-30T13:00:00,2.0,4.0,3.0
1419,2020-01-30T13:30:00,1.0,6.0,0.0
1420,2020-01-30T14:00:00,0.0,1.0,1.0
1421,2020-01-30T14:30:00,3.0,2.0,1.0
1422,2020-01-30T15:00:00,4.0,3.0,1.0
1423,2020-01-30T15:30:00,3.0,5.0,0.0
1424,2020-01-30T16:00:00,1.0,5.0,0.0
1425,2020-01-30T16:30:00,1.0,5.0,0.0
1426,2020-01-30T17:00:00,0.0,5.0,1.0
1427,2020-01-30T17:30:00,0.0,1.0,0.0
1428,2020-01-30T18:00:00,2.0,1.0,0.0
1429,2020-01-30T18:30:00,3.0,0.0,0.0
1430,2020-01-30T19:00:00,0.0,7.0,1.0
1431,2020-01-30T19:30:00,1.0,9.0,0.0
1432,2020-01-30T20:00:00,0.0,1.0,0.0
1433,2020-01-30T20:30:00,0.0,2.0,0.0
1434,2020-01-30T21:00:00,20.0,2.0,0.0
1435,2020-01-30T21:30:00,0.0,3.0,0.0
1436,2020-01-30T22:00:00,1.0,1.0,0.0
1437,2020-01-30T22:30:00,1.0,1.0,0.0
1438,2020-01-30T23:00:00,0.0,1.0,0.0
1439,2020-01-30T23:30:00,2.0,1.0,0.0
1440,2020-01-31T00:00:00,0.0,1.0,0.0
1441,2020-01-31T00:30:00,0.0,0.0,0.0
1442,2020-01-31T01:00:00,1.0,0.0,0.0
1443,2020-01-31T01:30:00,0.0,2.0,0.0
1444,2020-01-31T02:00:00,0.0,0.0,0.0
1445,2020-01-31T02:30:00,0.0,0.0,0.0
1446,2020-01-31T03:00:00,1.0,0.0,0.0
1447,2020-01-31T03:30:00,0.0,0.0,0.0
1448,2020-01-31T04:00:00,0.0,0.0,0.0
1449,2020-01-31T04:30:00,0.0,0.0,0.0
1450,2020-01-31T05:00:00,0.0,1.0,0.0
1451,2020-01-31T05:30:00,1.0,1.0,0.0
1452,2020-01-31T06:00:00,0.0,1.0,0.0
1453,2020-01-31T06:30:00,3.0,2.0,0.0
1454,2020-01-31T07:00:00,9.0,0.0,1.0
1455,2020-01-31T07:30:00,5.0,1.0,1.0
1456,2020-01-31T08:00:00,7.0,1.0,0.0
1457,2020-01-31T08:30:00,0.0,4.0,0.0
1458,2020-01-31T09:00:00,1.0,1.0,0.0
1459,2020-01-31T09:30:00,4.0,2.0,0.0
1460,2020-01-31T10:00:00,1.0,3.0,0.0
1461,2020-01-31T10:30:00,0.0,0.0,0.0
1462,2020-01-31T11:00:00,1.0,1.0,0.0
1463,2020-01-31T11:30:00,3.0,1.0,1.0
1464,2020-01-31T12:00:00,1.0,3.0,0.0
1465,2020-01-31T12:30:00,1.0,3.0,0.0
1466,2020-01-31T13:00:00,0.0,3.0,1.0
1467,2020-01-31T13:30:00,1.0,4.0,0.0
1468,2020-01-31T14:00:00,2.0,8.0,0.0
1469,2020-01-31T14:30:00,2.0,2.0,0.0
1470,2020-01-31T15:00:00,4.0,1.0,0.0
1471,2020-01-31T15:30:00,1.0,3.0,0.0
1472,2020-01-31T16:00:00,2.0,1.0,0.0
1473,2020-01-31T16:30:00,4.0,3.0,1.0
1474,2020-01-31T17:00:00,2.0,3.0,1.0
1475,2020-01-31T17:30:00,1.0,1.0,0.0
1476,2020-01-31T18:00:00,1.0,0.0,1.0
1477,2020-01-31T18:30:00,1.0,1.0,0.0
1478,2020-01-31T19:00:00,1.0,7.0,0.0
1479,2020-01-31T19:30:00,0.0,6.0,0.0
1480,2020-01-31T20:00:00,5.0,4.0,0.0
1481,2020-01-31T20:30:00,1.0,2.0,1.0
1482,2020-01-31T21:00:00,1.0,2.0,0.0
1483,2020-01-31T21:30:00,1.0,1.0,0.0
1484,2020-01-31T22:00:00,0.0,5.0,0.0
1485,2020-01-31T22:30:00,1.0,1.0,1.0
1486,2020-01-31T23:00:00,0.0,0.0,0.0
1487,2020-01-31T23:30:00,0.0,1.0,0.0
