station,biketype,operation,value
1,elec,drop,14.806451612903226
1,elec,pick,14.806451612903226
1,mech,drop,55.903225806451616
1,mech,pick,61.903225806451616
2,elec,drop,10.32258064516129
2,elec,pick,10.419354838709678
2,mech,drop,58.58064516129032
2,mech,pick,62.645161290322584
3,elec,drop,7.129032258064516
3,elec,pick,7.387096774193548
3,mech,drop,44.96774193548387
3,mech,pick,43.935483870967744
4,elec,drop,13.580645161290322
4,elec,pick,13.870967741935484
4,mech,drop,76.41935483870968
4,mech,pick,75.54838709677419
5,elec,drop,7.548387096774194
5,elec,pick,7.354838709677419
5,mech,drop,34.38709677419355
5,mech,pick,34.12903225806452
6,elec,drop,11.935483870967742
6,elec,pick,11.935483870967742
6,mech,drop,66.96774193548387
6,mech,pick,69.6774193548387
7,elec,drop,10.290322580645162
7,elec,pick,10.03225806451613
7,mech,drop,48.87096774193548
7,mech,pick,40.58064516129032
8,elec,drop,12.161290322580646
8,elec,pick,12.064516129032258
8,mech,drop,69.45161290322581
8,mech,pick,63.225806451612904
9,elec,drop,11.451612903225806
9,elec,pick,11.548387096774194
9,mech,drop,63.483870967741936
9,mech,pick,59.29032258064516
11,elec,drop,5.064516129032258
11,elec,pick,5.0
11,mech,drop,40.38709677419355
11,mech,pick,38.96774193548387
12,elec,drop,11.935483870967742
12,elec,pick,11.741935483870968
12,mech,drop,67.19354838709677
12,mech,pick,65.80645161290323
13,elec,drop,12.225806451612904
13,elec,pick,12.0
13,mech,drop,59.354838709677416
13,mech,pick,56.193548387096776
14,elec,drop,5.838709677419355
14,elec,pick,5.838709677419355
14,mech,drop,37.064516129032256
14,mech,pick,32.45161290322581
15,elec,drop,18.322580645161292
15,elec,pick,18.032258064516128
15,mech,drop,62.25806451612903
15,mech,pick,63.516129032258064
17,elec,drop,10.903225806451612
17,elec,pick,11.096774193548388
17,mech,drop,54.225806451612904
17,mech,pick,57.193548387096776
18,elec,drop,20.483870967741936
18,elec,pick,22.451612903225808
18,mech,drop,43.67741935483871
18,mech,pick,44.806451612903224
19,elec,drop,13.129032258064516
19,elec,pick,13.387096774193548
19,mech,drop,41.645161290322584
19,mech,pick,44.32258064516129
20,elec,drop,18.258064516129032
20,elec,pick,20.548387096774192
20,mech,drop,32.83870967741935
20,mech,pick,34.12903225806452
21,elec,drop,18.451612903225808
21,elec,pick,20.032258064516128
21,mech,drop,32.774193548387096
21,mech,pick,34.483870967741936
22,elec,drop,18.677419354838708
22,elec,pick,19.419354838709676
22,mech,drop,44.41935483870968
22,mech,pick,47.29032258064516
23,elec,drop,15.741935483870968
23,elec,pick,15.741935483870968
23,mech,drop,58.516129032258064
23,mech,pick,57.25806451612903
24,elec,drop,16.193548387096776
24,elec,pick,16.096774193548388
24,mech,drop,67.54838709677419
24,mech,pick,70.0
25,elec,drop,15.96774193548387
25,elec,pick,16.096774193548388
25,mech,drop,43.12903225806452
25,mech,pick,43.16129032258065
26,elec,drop,17.322580645161292
26,elec,pick,17.677419354838708
26,mech,drop,52.12903225806452
26,mech,pick,54.935483870967744
27,elec,drop,17.225806451612904
27,elec,pick,17.129032258064516
27,mech,drop,39.903225806451616
27,mech,pick,46.064516129032256
28,elec,drop,15.67741935483871
28,elec,pick,16.258064516129032
28,mech,drop,18.870967741935484
28,mech,pick,20.612903225806452
29,elec,drop,34.774193548387096
29,elec,pick,33.96774193548387
29,mech,drop,77.19354838709677
29,mech,pick,79.61290322580645
30,elec,drop,13.741935483870968
30,elec,pick,13.612903225806452
30,mech,drop,62.483870967741936
30,mech,pick,65.19354838709677
31,elec,drop,14.612903225806452
31,elec,pick,14.806451612903226
31,mech,drop,80.45161290322581
31,mech,pick,83.45161290322581
33,elec,drop,11.774193548387096
33,elec,pick,12.387096774193548
33,mech,drop,64.2258064516129
33,mech,pick,62.25806451612903
34,elec,drop,12.838709677419354
34,elec,pick,12.709677419354838
34,mech,drop,62.74193548387097
34,mech,pick,60.29032258064516
35,elec,drop,6.225806451612903
35,elec,pick,6.709677419354839
35,mech,drop,26.06451612903226
35,mech,pick,28.903225806451612
36,elec,drop,15.67741935483871
36,elec,pick,15.161290322580646
36,mech,drop,72.0
36,mech,pick,68.29032258064517
37,elec,drop,3.2580645161290325
37,elec,pick,3.064516129032258
37,mech,drop,19.516129032258064
37,mech,pick,16.967741935483872
39,elec,drop,15.548387096774194
39,elec,pick,15.548387096774194
39,mech,drop,85.93548387096774
39,mech,pick,75.87096774193549
40,elec,drop,9.548387096774194
40,elec,pick,9.741935483870968
40,mech,drop,62.41935483870968
40,mech,pick,58.96774193548387
41,elec,drop,14.806451612903226
41,elec,pick,14.419354838709678
41,mech,drop,80.48387096774194
41,mech,pick,81.96774193548387
42,elec,drop,37.064516129032256
42,elec,pick,36.03225806451613
42,mech,drop,108.64516129032258
42,mech,pick,105.45161290322581
44,elec,drop,25.580645161290324
44,elec,pick,25.0
44,mech,drop,76.61290322580645
44,mech,pick,76.03225806451613
45,elec,drop,10.806451612903226
45,elec,pick,10.741935483870968
45,mech,drop,67.58064516129032
45,mech,pick,65.29032258064517
46,elec,drop,8.741935483870968
46,elec,pick,8.903225806451612
46,mech,drop,58.096774193548384
46,mech,pick,58.32258064516129
47,elec,drop,13.806451612903226
47,elec,pick,13.806451612903226
47,mech,drop,77.38709677419355
47,mech,pick,77.12903225806451
48,elec,drop,16.774193548387096
48,elec,pick,16.129032258064516
48,mech,drop,64.51612903225806
48,mech,pick,66.80645161290323
49,elec,drop,11.387096774193548
49,elec,pick,10.838709677419354
49,mech,drop,59.25806451612903
49,mech,pick,57.12903225806452
50,elec,drop,10.580645161290322
50,elec,pick,10.483870967741936
50,mech,drop,61.193548387096776
50,mech,pick,60.12903225806452
51,elec,drop,11.935483870967742
51,elec,pick,11.741935483870968
51,mech,drop,53.83870967741935
51,mech,pick,51.774193548387096
53,elec,drop,13.32258064516129
53,elec,pick,13.419354838709678
53,mech,drop,60.25806451612903
53,mech,pick,59.193548387096776
54,elec,drop,9.225806451612904
54,elec,pick,8.870967741935484
54,mech,drop,60.32258064516129
54,mech,pick,60.645161290322584
55,elec,drop,18.419354838709676
55,elec,pick,18.193548387096776
55,mech,drop,77.2258064516129
55,mech,pick,73.41935483870968
56,elec,drop,11.225806451612904
56,elec,pick,11.129032258064516
56,mech,drop,59.0
56,mech,pick,56.32258064516129
57,elec,drop,10.193548387096774
57,elec,pick,10.03225806451613
57,mech,drop,59.96774193548387
57,mech,pick,55.0
58,elec,drop,12.387096774193548
58,elec,pick,11.935483870967742
58,mech,drop,56.225806451612904
58,mech,pick,52.193548387096776
59,elec,drop,2.6129032258064515
59,elec,pick,2.5161290322580645
59,mech,drop,16.548387096774192
59,mech,pick,14.516129032258064
60,elec,drop,11.612903225806452
60,elec,pick,11.67741935483871
60,mech,drop,42.0
60,mech,pick,41.193548387096776
61,elec,drop,15.774193548387096
61,elec,pick,15.516129032258064
61,mech,drop,63.25806451612903
61,mech,pick,61.935483870967744
62,elec,drop,11.32258064516129
62,elec,pick,11.290322580645162
62,mech,drop,51.58064516129032
62,mech,pick,48.61290322580645
63,elec,drop,13.451612903225806
63,elec,pick,13.290322580645162
63,mech,drop,59.03225806451613
63,mech,pick,55.32258064516129
64,elec,drop,10.129032258064516
64,elec,pick,10.161290322580646
64,mech,drop,43.225806451612904
64,mech,pick,41.096774193548384
65,elec,drop,22.129032258064516
65,elec,pick,22.580645161290324
65,mech,drop,72.6774193548387
65,mech,pick,71.35483870967742
66,elec,drop,14.709677419354838
66,elec,pick,14.709677419354838
66,mech,drop,48.12903225806452
66,mech,pick,47.61290322580645
67,elec,drop,18.35483870967742
67,elec,pick,18.129032258064516
67,mech,drop,43.774193548387096
67,mech,pick,45.903225806451616
68,elec,drop,30.741935483870968
68,elec,pick,31.258064516129032
68,mech,drop,45.25806451612903
68,mech,pick,51.38709677419355
69,elec,drop,3.4516129032258065
69,elec,pick,3.4838709677419355
69,mech,drop,18.387096774193548
69,mech,pick,17.64516129032258
70,elec,drop,17.806451612903224
70,elec,pick,17.096774193548388
70,mech,drop,70.83870967741936
70,mech,pick,71.0
71,elec,drop,15.870967741935484
71,elec,pick,15.096774193548388
71,mech,drop,63.645161290322584
71,mech,pick,64.16129032258064
72,elec,drop,18.161290322580644
72,elec,pick,17.516129032258064
72,mech,drop,47.774193548387096
72,mech,pick,52.38709677419355
73,elec,drop,26.677419354838708
73,elec,pick,25.677419354838708
73,mech,drop,62.38709677419355
73,mech,pick,62.87096774193548
74,elec,drop,23.677419354838708
74,elec,pick,23.903225806451612
74,mech,drop,34.516129032258064
74,mech,pick,37.45161290322581
75,elec,drop,16.580645161290324
75,elec,pick,17.870967741935484
75,mech,drop,31.193548387096776
75,mech,pick,32.193548387096776
76,elec,drop,20.322580645161292
76,elec,pick,19.64516129032258
76,mech,drop,45.29032258064516
76,mech,pick,47.064516129032256
78,elec,drop,14.903225806451612
78,elec,pick,15.258064516129032
78,mech,drop,60.29032258064516
78,mech,pick,59.58064516129032
79,elec,drop,22.483870967741936
79,elec,pick,22.483870967741936
79,mech,drop,82.51612903225806
79,mech,pick,80.90322580645162
80,elec,drop,28.483870967741936
80,elec,pick,27.64516129032258
80,mech,drop,70.29032258064517
80,mech,pick,70.96774193548387
81,elec,drop,15.35483870967742
81,elec,pick,15.67741935483871
81,mech,drop,51.74193548387097
81,mech,pick,55.806451612903224
82,elec,drop,17.838709677419356
82,elec,pick,18.0
82,mech,drop,69.80645161290323
82,mech,pick,71.29032258064517
83,elec,drop,15.258064516129032
83,elec,pick,15.064516129032258
83,mech,drop,41.774193548387096
83,mech,pick,43.806451612903224
84,elec,drop,23.93548387096774
84,elec,pick,23.258064516129032
84,mech,drop,75.06451612903226
84,mech,pick,76.38709677419355
85,elec,drop,12.419354838709678
85,elec,pick,12.516129032258064
85,mech,drop,64.58064516129032
85,mech,pick,61.806451612903224
86,elec,drop,9.483870967741936
86,elec,pick,9.096774193548388
86,mech,drop,57.516129032258064
86,mech,pick,57.935483870967744
87,elec,drop,15.096774193548388
87,elec,pick,15.419354838709678
87,mech,drop,43.67741935483871
87,mech,pick,44.96774193548387
88,elec,drop,27.161290322580644
88,elec,pick,25.451612903225808
88,mech,drop,35.903225806451616
88,mech,pick,41.87096774193548
89,elec,drop,19.612903225806452
89,elec,pick,19.548387096774192
89,mech,drop,49.774193548387096
89,mech,pick,52.54838709677419
90,elec,drop,21.35483870967742
90,elec,pick,20.93548387096774
90,mech,drop,54.03225806451613
90,mech,pick,56.61290322580645
92,elec,drop,12.258064516129032
92,elec,pick,12.161290322580646
92,mech,drop,31.387096774193548
92,mech,pick,31.806451612903224
93,elec,drop,18.419354838709676
93,elec,pick,18.322580645161292
93,mech,drop,52.67741935483871
93,mech,pick,58.38709677419355
94,elec,drop,11.290322580645162
94,elec,pick,11.0
94,mech,drop,44.83870967741935
94,mech,pick,46.54838709677419
95,elec,drop,12.806451612903226
95,elec,pick,12.516129032258064
95,mech,drop,47.70967741935484
95,mech,pick,49.61290322580645
96,elec,drop,13.903225806451612
96,elec,pick,13.193548387096774
96,mech,drop,39.25806451612903
96,mech,pick,41.225806451612904
97,elec,drop,9.451612903225806
97,elec,pick,9.838709677419354
97,mech,drop,37.354838709677416
97,mech,pick,39.645161290322584
98,elec,drop,17.516129032258064
98,elec,pick,18.70967741935484
98,mech,drop,51.806451612903224
98,mech,pick,56.064516129032256
99,elec,drop,18.516129032258064
99,elec,pick,19.225806451612904
99,mech,drop,54.096774193548384
99,mech,pick,56.74193548387097
100,elec,drop,16.0
100,elec,pick,16.225806451612904
100,mech,drop,54.74193548387097
100,mech,pick,55.96774193548387
101,elec,drop,22.516129032258064
101,elec,pick,21.903225806451612
101,mech,drop,50.483870967741936
101,mech,pick,51.935483870967744
102,elec,drop,10.806451612903226
102,elec,pick,11.03225806451613
102,mech,drop,18.967741935483872
102,mech,pick,21.258064516129032
104,elec,drop,28.741935483870968
104,elec,pick,28.903225806451612
104,mech,drop,78.61290322580645
104,mech,pick,79.96774193548387
105,elec,drop,14.838709677419354
105,elec,pick,14.516129032258064
105,mech,drop,61.29032258064516
105,mech,pick,59.70967741935484
106,elec,drop,23.35483870967742
106,elec,pick,22.774193548387096
106,mech,drop,35.935483870967744
106,mech,pick,40.12903225806452
107,elec,drop,31.774193548387096
107,elec,pick,31.032258064516128
107,mech,drop,36.935483870967744
107,mech,pick,43.16129032258065
108,elec,drop,28.612903225806452
108,elec,pick,28.225806451612904
108,mech,drop,50.903225806451616
108,mech,pick,52.03225806451613
109,elec,drop,18.806451612903224
109,elec,pick,18.419354838709676
109,mech,drop,33.193548387096776
109,mech,pick,34.25806451612903
110,elec,drop,12.03225806451613
110,elec,pick,11.258064516129032
110,mech,drop,43.83870967741935
110,mech,pick,42.61290322580645
111,elec,drop,17.806451612903224
111,elec,pick,17.64516129032258
111,mech,drop,64.03225806451613
111,mech,pick,66.74193548387096
112,elec,drop,14.32258064516129
112,elec,pick,13.870967741935484
112,mech,drop,61.74193548387097
112,mech,pick,61.774193548387096
113,elec,drop,11.258064516129032
113,elec,pick,11.129032258064516
113,mech,drop,55.806451612903224
113,mech,pick,54.193548387096776
114,elec,drop,8.096774193548388
114,elec,pick,7.774193548387097
114,mech,drop,55.83870967741935
114,mech,pick,52.516129032258064
115,elec,drop,12.935483870967742
115,elec,pick,12.96774193548387
115,mech,drop,63.806451612903224
115,mech,pick,57.806451612903224
116,elec,drop,7.419354838709677
116,elec,pick,7.419354838709677
116,mech,drop,48.645161290322584
116,mech,pick,49.67741935483871
117,elec,drop,11.193548387096774
117,elec,pick,11.129032258064516
117,mech,drop,54.25806451612903
117,mech,pick,50.67741935483871
118,elec,drop,20.032258064516128
118,elec,pick,20.387096774193548
118,mech,drop,101.90322580645162
118,mech,pick,99.25806451612904
119,elec,drop,16.451612903225808
119,elec,pick,16.774193548387096
119,mech,drop,73.0
119,mech,pick,73.19354838709677
120,elec,drop,1.3870967741935485
120,elec,pick,1.4838709677419355
120,mech,drop,4.483870967741935
120,mech,pick,5.483870967741935
121,elec,drop,20.580645161290324
121,elec,pick,21.225806451612904
121,mech,drop,49.354838709677416
121,mech,pick,51.54838709677419
122,elec,drop,21.322580645161292
122,elec,pick,22.225806451612904
122,mech,drop,28.870967741935484
122,mech,pick,32.096774193548384
123,elec,drop,24.870967741935484
123,elec,pick,24.612903225806452
123,mech,drop,54.58064516129032
123,mech,pick,59.354838709677416
124,elec,drop,10.516129032258064
124,elec,pick,10.612903225806452
124,mech,drop,50.12903225806452
124,mech,pick,49.12903225806452
125,elec,drop,7.483870967741935
125,elec,pick,7.419354838709677
125,mech,drop,41.806451612903224
125,mech,pick,41.83870967741935
126,elec,drop,7.387096774193548
126,elec,pick,7.129032258064516
126,mech,drop,49.67741935483871
126,mech,pick,44.54838709677419
127,elec,drop,20.096774193548388
127,elec,pick,20.93548387096774
127,mech,drop,68.3225806451613
127,mech,pick,67.93548387096774
128,elec,drop,15.096774193548388
128,elec,pick,15.483870967741936
128,mech,drop,61.61290322580645
128,mech,pick,60.096774193548384
129,elec,drop,9.903225806451612
129,elec,pick,9.709677419354838
129,mech,drop,56.12903225806452
129,mech,pick,49.87096774193548
130,elec,drop,10.387096774193548
130,elec,pick,11.0
130,mech,drop,52.61290322580645
130,mech,pick,50.0
131,elec,drop,10.516129032258064
131,elec,pick,10.64516129032258
131,mech,drop,33.806451612903224
131,mech,pick,31.612903225806452
132,elec,drop,11.193548387096774
132,elec,pick,10.709677419354838
132,mech,drop,45.25806451612903
132,mech,pick,41.70967741935484
133,elec,drop,11.225806451612904
133,elec,pick,10.838709677419354
133,mech,drop,49.67741935483871
133,mech,pick,47.774193548387096
134,elec,drop,7.903225806451613
134,elec,pick,8.0
134,mech,drop,40.516129032258064
134,mech,pick,37.774193548387096
135,elec,drop,8.774193548387096
135,elec,pick,9.225806451612904
135,mech,drop,39.03225806451613
135,mech,pick,37.96774193548387
136,elec,drop,6.258064516129032
136,elec,pick,6.709677419354839
136,mech,drop,36.25806451612903
136,mech,pick,35.03225806451613
137,elec,drop,6.967741935483871
137,elec,pick,7.806451612903226
137,mech,drop,31.032258064516128
137,mech,pick,32.03225806451613
138,elec,drop,8.709677419354838
138,elec,pick,9.0
138,mech,drop,41.61290322580645
138,mech,pick,40.87096774193548
139,elec,drop,5.580645161290323
139,elec,pick,6.290322580645161
139,mech,drop,27.741935483870968
139,mech,pick,26.419354838709676
140,elec,drop,15.806451612903226
140,elec,pick,15.548387096774194
140,mech,drop,66.45161290322581
140,mech,pick,64.16129032258064
141,elec,drop,9.258064516129032
141,elec,pick,9.774193548387096
141,mech,drop,47.74193548387097
141,mech,pick,48.096774193548384
142,elec,drop,10.612903225806452
142,elec,pick,10.67741935483871
142,mech,drop,50.935483870967744
142,mech,pick,50.41935483870968
143,elec,drop,13.193548387096774
143,elec,pick,13.258064516129032
143,mech,drop,57.41935483870968
143,mech,pick,57.38709677419355
144,elec,drop,19.806451612903224
144,elec,pick,19.580645161290324
144,mech,drop,80.64516129032258
144,mech,pick,81.16129032258064
145,elec,drop,8.935483870967742
145,elec,pick,10.096774193548388
145,mech,drop,41.29032258064516
145,mech,pick,41.25806451612903
146,elec,drop,0.8709677419354839
146,elec,pick,1.032258064516129
146,mech,drop,6.32258064516129
146,mech,pick,6.387096774193548
147,elec,drop,12.0
147,elec,pick,13.193548387096774
147,mech,drop,47.54838709677419
147,mech,pick,45.25806451612903
148,elec,drop,16.806451612903224
148,elec,pick,16.322580645161292
148,mech,drop,83.41935483870968
148,mech,pick,84.25806451612904
149,elec,drop,14.32258064516129
149,elec,pick,14.161290322580646
149,mech,drop,57.58064516129032
149,mech,pick,54.96774193548387
150,elec,drop,11.903225806451612
150,elec,pick,12.612903225806452
150,mech,drop,56.29032258064516
150,mech,pick,56.96774193548387
151,elec,drop,8.838709677419354
151,elec,pick,8.741935483870968
151,mech,drop,41.935483870967744
151,mech,pick,42.096774193548384
152,elec,drop,11.548387096774194
152,elec,pick,11.67741935483871
152,mech,drop,59.87096774193548
152,mech,pick,61.12903225806452
153,elec,drop,17.451612903225808
153,elec,pick,17.0
153,mech,drop,82.7741935483871
153,mech,pick,80.0
154,elec,drop,14.483870967741936
154,elec,pick,14.35483870967742
154,mech,drop,71.25806451612904
154,mech,pick,68.12903225806451
155,elec,drop,10.387096774193548
155,elec,pick,10.483870967741936
155,mech,drop,54.806451612903224
155,mech,pick,55.03225806451613
156,elec,drop,15.838709677419354
156,elec,pick,16.548387096774192
156,mech,drop,63.67741935483871
156,mech,pick,61.58064516129032
157,elec,drop,5.774193548387097
157,elec,pick,5.806451612903226
157,mech,drop,27.870967741935484
157,mech,pick,24.967741935483872
158,elec,drop,3.6451612903225805
158,elec,pick,3.935483870967742
158,mech,drop,19.322580645161292
158,mech,pick,18.838709677419356
159,elec,drop,15.516129032258064
159,elec,pick,16.096774193548388
159,mech,drop,59.61290322580645
159,mech,pick,60.193548387096776
160,elec,drop,11.838709677419354
160,elec,pick,11.870967741935484
160,mech,drop,41.29032258064516
160,mech,pick,39.774193548387096
161,elec,drop,11.0
161,elec,pick,10.96774193548387
161,mech,drop,61.0
161,mech,pick,62.0
162,elec,drop,9.806451612903226
162,elec,pick,9.774193548387096
162,mech,drop,54.064516129032256
162,mech,pick,53.16129032258065
163,elec,drop,12.419354838709678
163,elec,pick,12.0
163,mech,drop,59.41935483870968
163,mech,pick,58.96774193548387
164,elec,drop,14.870967741935484
164,elec,pick,16.451612903225808
164,mech,drop,34.806451612903224
164,mech,pick,36.32258064516129
165,elec,drop,22.806451612903224
165,elec,pick,22.870967741935484
165,mech,drop,91.03225806451613
165,mech,pick,84.90322580645162
166,elec,drop,8.387096774193548
166,elec,pick,8.32258064516129
166,mech,drop,46.70967741935484
166,mech,pick,44.193548387096776
167,elec,drop,7.806451612903226
167,elec,pick,7.806451612903226
167,mech,drop,49.12903225806452
167,mech,pick,48.70967741935484
168,elec,drop,9.451612903225806
168,elec,pick,9.419354838709678
168,mech,drop,45.935483870967744
168,mech,pick,45.83870967741935
170,elec,drop,6.516129032258065
170,elec,pick,6.451612903225806
170,mech,drop,40.903225806451616
170,mech,pick,35.516129032258064
171,elec,drop,6.451612903225806
171,elec,pick,6.258064516129032
171,mech,drop,33.67741935483871
171,mech,pick,29.032258064516128
173,elec,drop,5.645161290322581
173,elec,pick,5.612903225806452
173,mech,drop,27.419354838709676
173,mech,pick,26.70967741935484
174,elec,drop,4.548387096774194
174,elec,pick,4.225806451612903
174,mech,drop,21.612903225806452
174,mech,pick,20.806451612903224
175,elec,drop,8.516129032258064
175,elec,pick,8.548387096774194
175,mech,drop,42.516129032258064
175,mech,pick,44.225806451612904
176,elec,drop,4.483870967741935
176,elec,pick,4.516129032258065
176,mech,drop,17.612903225806452
176,mech,pick,17.580645161290324
177,elec,drop,23.06451612903226
177,elec,pick,24.29032258064516
177,mech,drop,47.225806451612904
177,mech,pick,48.096774193548384
178,elec,drop,6.258064516129032
178,elec,pick,6.290322580645161
178,mech,drop,23.387096774193548
178,mech,pick,23.741935483870968
179,elec,drop,7.064516129032258
179,elec,pick,7.161290322580645
179,mech,drop,32.41935483870968
179,mech,pick,29.258064516129032
180,elec,drop,14.193548387096774
180,elec,pick,15.483870967741936
180,mech,drop,71.25806451612904
180,mech,pick,59.516129032258064
182,elec,drop,12.32258064516129
182,elec,pick,12.0
182,mech,drop,51.193548387096776
182,mech,pick,49.74193548387097
183,elec,drop,8.935483870967742
183,elec,pick,9.129032258064516
183,mech,drop,39.70967741935484
183,mech,pick,35.54838709677419
184,elec,drop,10.870967741935484
184,elec,pick,11.516129032258064
184,mech,drop,49.54838709677419
184,mech,pick,41.83870967741935
185,elec,drop,10.612903225806452
185,elec,pick,10.935483870967742
185,mech,drop,38.25806451612903
185,mech,pick,37.58064516129032
186,elec,drop,13.32258064516129
186,elec,pick,14.0
186,mech,drop,42.74193548387097
186,mech,pick,43.67741935483871
187,elec,drop,4.548387096774194
187,elec,pick,4.419354838709677
187,mech,drop,32.774193548387096
187,mech,pick,32.225806451612904
188,elec,drop,26.0
188,elec,pick,25.806451612903224
188,mech,drop,67.58064516129032
188,mech,pick,68.70967741935483
189,elec,drop,8.483870967741936
189,elec,pick,8.548387096774194
189,mech,drop,41.096774193548384
189,mech,pick,45.354838709677416
190,elec,drop,7.967741935483871
190,elec,pick,7.870967741935484
190,mech,drop,40.03225806451613
190,mech,pick,38.064516129032256
191,elec,drop,8.387096774193548
191,elec,pick,9.096774193548388
191,mech,drop,32.225806451612904
191,mech,pick,34.74193548387097
192,elec,drop,13.96774193548387
192,elec,pick,14.258064516129032
192,mech,drop,35.61290322580645
192,mech,pick,36.354838709677416
193,elec,drop,10.483870967741936
193,elec,pick,10.774193548387096
193,mech,drop,22.225806451612904
193,mech,pick,24.06451612903226
194,elec,drop,13.806451612903226
194,elec,pick,14.32258064516129
194,mech,drop,24.258064516129032
194,mech,pick,27.0
195,elec,drop,14.96774193548387
195,elec,pick,15.870967741935484
195,mech,drop,32.96774193548387
195,mech,pick,35.0
196,elec,drop,17.70967741935484
196,elec,pick,18.806451612903224
196,mech,drop,37.87096774193548
196,mech,pick,40.61290322580645
197,elec,drop,17.06451612903226
197,elec,pick,16.903225806451612
197,mech,drop,29.612903225806452
197,mech,pick,34.645161290322584
198,elec,drop,12.225806451612904
198,elec,pick,13.0
198,mech,drop,24.806451612903224
198,mech,pick,26.548387096774192
199,elec,drop,13.64516129032258
199,elec,pick,14.0
199,mech,drop,20.225806451612904
199,mech,pick,21.419354838709676
200,elec,drop,14.129032258064516
200,elec,pick,14.483870967741936
200,mech,drop,25.258064516129032
200,mech,pick,30.774193548387096
201,elec,drop,28.677419354838708
201,elec,pick,30.838709677419356
201,mech,drop,50.064516129032256
201,mech,pick,50.87096774193548
202,elec,drop,13.35483870967742
202,elec,pick,14.064516129032258
202,mech,drop,19.64516129032258
202,mech,pick,22.903225806451612
203,elec,drop,26.387096774193548
203,elec,pick,26.419354838709676
203,mech,drop,28.096774193548388
203,mech,pick,34.67741935483871
204,elec,drop,17.741935483870968
204,elec,pick,17.516129032258064
204,mech,drop,23.29032258064516
204,mech,pick,27.903225806451612
205,elec,drop,19.612903225806452
205,elec,pick,19.93548387096774
205,mech,drop,24.806451612903224
205,mech,pick,28.29032258064516
206,elec,drop,23.161290322580644
206,elec,pick,23.612903225806452
206,mech,drop,34.25806451612903
206,mech,pick,37.935483870967744
207,elec,drop,26.387096774193548
207,elec,pick,26.451612903225808
207,mech,drop,36.483870967741936
207,mech,pick,37.03225806451613
208,elec,drop,12.741935483870968
208,elec,pick,12.612903225806452
208,mech,drop,27.70967741935484
208,mech,pick,33.483870967741936
209,elec,drop,14.064516129032258
209,elec,pick,13.35483870967742
209,mech,drop,51.29032258064516
209,mech,pick,50.03225806451613
210,elec,drop,7.419354838709677
210,elec,pick,7.290322580645161
210,mech,drop,32.0
210,mech,pick,33.58064516129032
211,elec,drop,11.419354838709678
211,elec,pick,11.129032258064516
211,mech,drop,53.25806451612903
211,mech,pick,51.16129032258065
212,elec,drop,12.838709677419354
212,elec,pick,13.64516129032258
212,mech,drop,9.903225806451612
212,mech,pick,13.387096774193548
213,elec,drop,11.67741935483871
213,elec,pick,11.387096774193548
213,mech,drop,16.225806451612904
213,mech,pick,19.483870967741936
214,elec,drop,3.774193548387097
214,elec,pick,3.7096774193548385
214,mech,drop,8.0
214,mech,pick,8.193548387096774
215,elec,drop,15.741935483870968
215,elec,pick,15.161290322580646
215,mech,drop,15.709677419354838
215,mech,pick,19.193548387096776
216,elec,drop,11.387096774193548
216,elec,pick,12.32258064516129
216,mech,drop,13.387096774193548
216,mech,pick,14.64516129032258
217,elec,drop,11.225806451612904
217,elec,pick,11.935483870967742
217,mech,drop,14.258064516129032
217,mech,pick,16.93548387096774
218,elec,drop,14.451612903225806
218,elec,pick,14.580645161290322
218,mech,drop,57.25806451612903
218,mech,pick,58.67741935483871
219,elec,drop,15.193548387096774
219,elec,pick,15.161290322580646
219,mech,drop,10.064516129032258
219,mech,pick,10.193548387096774
220,elec,drop,38.32258064516129
220,elec,pick,38.29032258064516
220,mech,drop,77.0
220,mech,pick,78.61290322580645
221,elec,drop,31.870967741935484
221,elec,pick,30.29032258064516
221,mech,drop,35.29032258064516
221,mech,pick,41.645161290322584
222,elec,drop,40.41935483870968
222,elec,pick,38.70967741935484
222,mech,drop,35.225806451612904
222,mech,pick,33.483870967741936
223,elec,drop,39.806451612903224
223,elec,pick,38.25806451612903
223,mech,drop,93.19354838709677
223,mech,pick,97.2258064516129
224,elec,drop,22.93548387096774
224,elec,pick,22.096774193548388
224,mech,drop,47.16129032258065
224,mech,pick,50.096774193548384
225,elec,drop,14.0
225,elec,pick,13.870967741935484
225,mech,drop,38.70967741935484
225,mech,pick,40.03225806451613
226,elec,drop,28.451612903225808
226,elec,pick,26.774193548387096
226,mech,drop,53.83870967741935
226,mech,pick,59.064516129032256
227,elec,drop,24.483870967741936
227,elec,pick,26.258064516129032
227,mech,drop,20.129032258064516
227,mech,pick,21.516129032258064
228,elec,drop,18.032258064516128
228,elec,pick,18.161290322580644
228,mech,drop,17.387096774193548
228,mech,pick,20.258064516129032
229,elec,drop,32.32258064516129
229,elec,pick,30.580645161290324
229,mech,drop,46.0
229,mech,pick,52.25806451612903
230,elec,drop,37.29032258064516
230,elec,pick,38.29032258064516
230,mech,drop,17.903225806451612
230,mech,pick,21.322580645161292
231,elec,drop,24.161290322580644
231,elec,pick,25.387096774193548
231,mech,drop,22.06451612903226
231,mech,pick,23.548387096774192
232,elec,drop,10.548387096774194
232,elec,pick,9.903225806451612
232,mech,drop,56.903225806451616
232,mech,pick,55.645161290322584
233,elec,drop,10.580645161290322
233,elec,pick,10.258064516129032
233,mech,drop,31.838709677419356
233,mech,pick,32.74193548387097
234,elec,drop,19.967741935483872
234,elec,pick,19.483870967741936
234,mech,drop,30.580645161290324
234,mech,pick,31.35483870967742
235,elec,drop,9.64516129032258
235,elec,pick,9.483870967741936
235,mech,drop,63.096774193548384
235,mech,pick,60.0
236,elec,drop,8.387096774193548
236,elec,pick,8.096774193548388
236,mech,drop,32.61290322580645
236,mech,pick,33.32258064516129
237,elec,drop,17.903225806451612
237,elec,pick,18.903225806451612
237,mech,drop,35.774193548387096
237,mech,pick,38.16129032258065
238,elec,drop,11.419354838709678
238,elec,pick,11.64516129032258
238,mech,drop,37.16129032258065
238,mech,pick,36.225806451612904
239,elec,drop,15.064516129032258
239,elec,pick,15.32258064516129
239,mech,drop,46.25806451612903
239,mech,pick,47.16129032258065
240,elec,drop,14.67741935483871
240,elec,pick,15.483870967741936
240,mech,drop,41.096774193548384
240,mech,pick,41.25806451612903
241,elec,drop,19.516129032258064
241,elec,pick,20.548387096774192
241,mech,drop,37.03225806451613
241,mech,pick,38.87096774193548
242,elec,drop,13.96774193548387
242,elec,pick,16.161290322580644
242,mech,drop,29.451612903225808
242,mech,pick,30.483870967741936
243,elec,drop,10.32258064516129
243,elec,pick,10.96774193548387
243,mech,drop,21.677419354838708
243,mech,pick,22.032258064516128
244,elec,drop,11.03225806451613
244,elec,pick,12.193548387096774
244,mech,drop,23.35483870967742
244,mech,pick,23.677419354838708
246,elec,drop,18.225806451612904
246,elec,pick,18.516129032258064
246,mech,drop,45.54838709677419
246,mech,pick,46.516129032258064
247,elec,drop,14.96774193548387
247,elec,pick,13.483870967741936
247,mech,drop,35.774193548387096
247,mech,pick,37.903225806451616
248,elec,drop,4.548387096774194
248,elec,pick,4.903225806451613
248,mech,drop,17.161290322580644
248,mech,pick,17.677419354838708
249,elec,drop,6.870967741935484
249,elec,pick,7.0
249,mech,drop,24.806451612903224
249,mech,pick,24.129032258064516
250,elec,drop,9.225806451612904
250,elec,pick,9.451612903225806
250,mech,drop,29.580645161290324
250,mech,pick,29.612903225806452
251,elec,drop,9.290322580645162
251,elec,pick,10.451612903225806
251,mech,drop,28.64516129032258
251,mech,pick,29.967741935483872
252,elec,drop,9.870967741935484
252,elec,pick,10.064516129032258
252,mech,drop,31.612903225806452
252,mech,pick,28.225806451612904
253,elec,drop,3.838709677419355
253,elec,pick,4.064516129032258
253,mech,drop,18.129032258064516
253,mech,pick,17.870967741935484
254,elec,drop,8.580645161290322
254,elec,pick,8.935483870967742
254,mech,drop,30.35483870967742
254,mech,pick,29.516129032258064
255,elec,drop,4.354838709677419
255,elec,pick,4.741935483870968
255,mech,drop,12.935483870967742
255,mech,pick,13.419354838709678
256,elec,drop,5.258064516129032
256,elec,pick,5.451612903225806
256,mech,drop,16.870967741935484
256,mech,pick,16.806451612903224
257,elec,drop,7.580645161290323
257,elec,pick,7.580645161290323
257,mech,drop,22.838709677419356
257,mech,pick,24.225806451612904
258,elec,drop,4.258064516129032
258,elec,pick,4.354838709677419
258,mech,drop,9.870967741935484
258,mech,pick,9.870967741935484
259,elec,drop,8.806451612903226
259,elec,pick,9.64516129032258
259,mech,drop,20.806451612903224
259,mech,pick,19.29032258064516
260,elec,drop,5.967741935483871
260,elec,pick,6.161290322580645
260,mech,drop,18.096774193548388
260,mech,pick,16.806451612903224
261,elec,drop,12.483870967741936
261,elec,pick,11.67741935483871
261,mech,drop,47.61290322580645
261,mech,pick,49.67741935483871
262,elec,drop,14.67741935483871
262,elec,pick,15.290322580645162
262,mech,drop,65.48387096774194
262,mech,pick,63.96774193548387
263,elec,drop,5.612903225806452
263,elec,pick,5.903225806451613
263,mech,drop,20.838709677419356
263,mech,pick,19.129032258064516
264,elec,drop,9.0
264,elec,pick,8.806451612903226
264,mech,drop,16.806451612903224
264,mech,pick,15.483870967741936
265,elec,drop,20.64516129032258
265,elec,pick,20.35483870967742
265,mech,drop,70.16129032258064
265,mech,pick,67.29032258064517
266,elec,drop,7.387096774193548
266,elec,pick,7.354838709677419
266,mech,drop,17.774193548387096
266,mech,pick,18.548387096774192
267,elec,drop,3.2903225806451615
267,elec,pick,3.3548387096774195
267,mech,drop,8.806451612903226
267,mech,pick,9.064516129032258
268,elec,drop,1.8387096774193548
268,elec,pick,2.225806451612903
268,mech,drop,6.258064516129032
268,mech,pick,6.870967741935484
269,elec,drop,1.8709677419354838
269,elec,pick,1.7096774193548387
269,mech,drop,3.4516129032258065
269,mech,pick,3.4193548387096775
270,elec,drop,2.096774193548387
270,elec,pick,2.4838709677419355
270,mech,drop,5.67741935483871
270,mech,pick,6.161290322580645
271,elec,drop,1.1290322580645162
271,elec,pick,1.4193548387096775
271,mech,drop,2.2903225806451615
271,mech,pick,2.4193548387096775
272,elec,drop,6.096774193548387
272,elec,pick,7.096774193548387
272,mech,drop,15.225806451612904
272,mech,pick,15.387096774193548
273,elec,drop,16.741935483870968
273,elec,pick,17.677419354838708
273,mech,drop,38.903225806451616
273,mech,pick,43.54838709677419
274,elec,drop,11.548387096774194
274,elec,pick,12.129032258064516
274,mech,drop,32.193548387096776
274,mech,pick,32.774193548387096
275,elec,drop,8.0
275,elec,pick,8.387096774193548
275,mech,drop,25.838709677419356
275,mech,pick,30.225806451612904
276,elec,drop,23.677419354838708
276,elec,pick,25.06451612903226
276,mech,drop,23.612903225806452
276,mech,pick,23.193548387096776
277,elec,drop,31.741935483870968
277,elec,pick,32.935483870967744
277,mech,drop,66.09677419354838
277,mech,pick,70.51612903225806
278,elec,drop,24.774193548387096
278,elec,pick,26.741935483870968
278,mech,drop,36.45161290322581
278,mech,pick,38.483870967741936
279,elec,drop,16.806451612903224
279,elec,pick,18.677419354838708
279,mech,drop,27.838709677419356
279,mech,pick,31.032258064516128
280,elec,drop,17.161290322580644
280,elec,pick,19.096774193548388
280,mech,drop,52.25806451612903
280,mech,pick,54.645161290322584
281,elec,drop,16.258064516129032
281,elec,pick,17.677419354838708
281,mech,drop,7.709677419354839
281,mech,pick,9.0
282,elec,drop,8.451612903225806
282,elec,pick,9.838709677419354
282,mech,drop,8.516129032258064
282,mech,pick,8.709677419354838
283,elec,drop,9.35483870967742
283,elec,pick,8.516129032258064
283,mech,drop,10.03225806451613
283,mech,pick,10.32258064516129
284,elec,drop,9.935483870967742
284,elec,pick,10.161290322580646
284,mech,drop,13.483870967741936
284,mech,pick,14.32258064516129
285,elec,drop,4.774193548387097
285,elec,pick,5.419354838709677
285,mech,drop,8.774193548387096
285,mech,pick,10.03225806451613
286,elec,drop,8.161290322580646
286,elec,pick,8.225806451612904
286,mech,drop,41.29032258064516
286,mech,pick,39.87096774193548
287,elec,drop,15.064516129032258
287,elec,pick,15.548387096774194
287,mech,drop,50.193548387096776
287,mech,pick,50.16129032258065
288,elec,drop,15.709677419354838
288,elec,pick,15.935483870967742
288,mech,drop,34.12903225806452
288,mech,pick,35.0
289,elec,drop,6.774193548387097
289,elec,pick,7.741935483870968
289,mech,drop,24.096774193548388
289,mech,pick,24.741935483870968
290,elec,drop,7.967741935483871
290,elec,pick,8.161290322580646
290,mech,drop,8.451612903225806
290,mech,pick,10.870967741935484
291,elec,drop,7.483870967741935
291,elec,pick,8.290322580645162
291,mech,drop,14.64516129032258
291,mech,pick,15.580645161290322
292,elec,drop,8.064516129032258
292,elec,pick,9.096774193548388
292,mech,drop,11.096774193548388
292,mech,pick,11.225806451612904
293,elec,drop,4.0
293,elec,pick,4.354838709677419
293,mech,drop,7.258064516129032
293,mech,pick,8.451612903225806
294,elec,drop,3.5806451612903225
294,elec,pick,3.6451612903225805
294,mech,drop,6.612903225806452
294,mech,pick,8.419354838709678
295,elec,drop,3.3870967741935485
295,elec,pick,3.4193548387096775
295,mech,drop,3.0
295,mech,pick,3.4516129032258065
296,elec,drop,10.225806451612904
296,elec,pick,10.548387096774194
296,mech,drop,25.70967741935484
296,mech,pick,27.93548387096774
297,elec,drop,13.67741935483871
297,elec,pick,14.741935483870968
297,mech,drop,14.741935483870968
297,mech,pick,14.741935483870968
298,elec,drop,15.838709677419354
298,elec,pick,15.451612903225806
298,mech,drop,34.96774193548387
298,mech,pick,37.29032258064516
299,elec,drop,5.419354838709677
299,elec,pick,6.096774193548387
299,mech,drop,12.870967741935484
299,mech,pick,14.548387096774194
300,elec,drop,6.645161290322581
300,elec,pick,8.903225806451612
300,mech,drop,14.387096774193548
300,mech,pick,15.903225806451612
301,elec,drop,8.161290322580646
301,elec,pick,8.290322580645162
301,mech,drop,6.419354838709677
301,mech,pick,6.645161290322581
302,elec,drop,23.451612903225808
302,elec,pick,23.483870967741936
302,mech,drop,5.129032258064516
302,mech,pick,5.225806451612903
303,elec,drop,12.838709677419354
303,elec,pick,13.258064516129032
303,mech,drop,3.6451612903225805
303,mech,pick,5.580645161290323
304,elec,drop,22.06451612903226
304,elec,pick,22.612903225806452
304,mech,drop,16.387096774193548
304,mech,pick,17.903225806451612
305,elec,drop,25.06451612903226
305,elec,pick,24.774193548387096
305,mech,drop,27.806451612903224
305,mech,pick,30.806451612903224
306,elec,drop,10.612903225806452
306,elec,pick,10.258064516129032
306,mech,drop,15.32258064516129
306,mech,pick,18.612903225806452
307,elec,drop,9.580645161290322
307,elec,pick,10.193548387096774
307,mech,drop,8.870967741935484
307,mech,pick,8.67741935483871
308,elec,drop,10.580645161290322
308,elec,pick,12.548387096774194
308,mech,drop,11.870967741935484
308,mech,pick,11.67741935483871
309,elec,drop,11.580645161290322
309,elec,pick,11.741935483870968
309,mech,drop,16.032258064516128
309,mech,pick,14.193548387096774
310,elec,drop,12.096774193548388
310,elec,pick,11.838709677419354
310,mech,drop,20.419354838709676
310,mech,pick,19.29032258064516
311,elec,drop,1.5483870967741935
311,elec,pick,1.5161290322580645
311,mech,drop,2.225806451612903
311,mech,pick,2.032258064516129
312,elec,drop,12.935483870967742
312,elec,pick,13.03225806451613
312,mech,drop,19.032258064516128
312,mech,pick,19.741935483870968
313,elec,drop,14.903225806451612
313,elec,pick,15.129032258064516
313,mech,drop,46.12903225806452
313,mech,pick,46.16129032258065
314,elec,drop,14.451612903225806
314,elec,pick,15.161290322580646
314,mech,drop,31.06451612903226
314,mech,pick,33.064516129032256
315,elec,drop,21.516129032258064
315,elec,pick,23.516129032258064
315,mech,drop,42.41935483870968
315,mech,pick,45.774193548387096
316,elec,drop,8.35483870967742
316,elec,pick,9.258064516129032
316,mech,drop,31.870967741935484
316,mech,pick,28.70967741935484
317,elec,drop,6.967741935483871
317,elec,pick,8.096774193548388
317,mech,drop,20.258064516129032
317,mech,pick,18.29032258064516
318,elec,drop,14.129032258064516
318,elec,pick,15.903225806451612
318,mech,drop,3.6451612903225805
318,mech,pick,3.6129032258064515
319,elec,drop,27.129032258064516
319,elec,pick,25.93548387096774
319,mech,drop,51.064516129032256
319,mech,pick,57.38709677419355
320,elec,drop,20.580645161290324
320,elec,pick,20.774193548387096
320,mech,drop,28.903225806451612
320,mech,pick,33.0
321,elec,drop,25.580645161290324
321,elec,pick,24.967741935483872
321,mech,drop,18.612903225806452
321,mech,pick,22.838709677419356
322,elec,drop,11.451612903225806
322,elec,pick,12.483870967741936
322,mech,drop,6.0
322,mech,pick,6.32258064516129
323,elec,drop,7.290322580645161
323,elec,pick,7.548387096774194
323,mech,drop,7.0
323,mech,pick,11.806451612903226
324,elec,drop,8.64516129032258
324,elec,pick,8.741935483870968
324,mech,drop,8.0
324,mech,pick,8.451612903225806
325,elec,drop,6.967741935483871
325,elec,pick,7.096774193548387
325,mech,drop,8.516129032258064
325,mech,pick,10.516129032258064
326,elec,drop,20.64516129032258
326,elec,pick,19.612903225806452
326,mech,drop,8.774193548387096
326,mech,pick,11.258064516129032
327,elec,drop,16.129032258064516
327,elec,pick,16.64516129032258
327,mech,drop,3.6451612903225805
327,mech,pick,6.354838709677419
328,elec,drop,12.225806451612904
328,elec,pick,12.387096774193548
328,mech,drop,5.612903225806452
328,mech,pick,9.64516129032258
329,elec,drop,9.193548387096774
329,elec,pick,9.548387096774194
329,mech,drop,4.967741935483871
329,mech,pick,7.129032258064516
331,elec,drop,10.935483870967742
331,elec,pick,10.870967741935484
331,mech,drop,8.0
331,mech,pick,12.387096774193548
332,elec,drop,6.387096774193548
332,elec,pick,6.709677419354839
332,mech,drop,7.483870967741935
332,mech,pick,11.096774193548388
333,elec,drop,13.935483870967742
333,elec,pick,14.870967741935484
333,mech,drop,5.741935483870968
333,mech,pick,10.161290322580646
334,elec,drop,14.838709677419354
334,elec,pick,15.870967741935484
334,mech,drop,4.064516129032258
334,mech,pick,9.129032258064516
335,elec,drop,8.806451612903226
335,elec,pick,9.193548387096774
335,mech,drop,7.935483870967742
335,mech,pick,9.516129032258064
336,elec,drop,8.483870967741936
336,elec,pick,8.838709677419354
336,mech,drop,4.096774193548387
336,mech,pick,6.419354838709677
337,elec,drop,9.709677419354838
337,elec,pick,9.64516129032258
337,mech,drop,1.935483870967742
337,mech,pick,3.6774193548387095
338,elec,drop,5.387096774193548
338,elec,pick,5.645161290322581
338,mech,drop,6.354838709677419
338,mech,pick,8.870967741935484
339,elec,drop,11.096774193548388
339,elec,pick,11.0
339,mech,drop,66.25806451612904
339,mech,pick,63.354838709677416
340,elec,drop,3.806451612903226
340,elec,pick,4.225806451612903
340,mech,drop,11.612903225806452
340,mech,pick,10.32258064516129
341,elec,drop,2.3870967741935485
341,elec,pick,2.5806451612903225
341,mech,drop,4.870967741935484
341,mech,pick,5.258064516129032
342,elec,drop,18.870967741935484
342,elec,pick,19.387096774193548
342,mech,drop,70.48387096774194
342,mech,pick,70.74193548387096
343,elec,drop,7.741935483870968
343,elec,pick,7.419354838709677
343,mech,drop,22.870967741935484
343,mech,pick,19.903225806451612
344,elec,drop,4.741935483870968
344,elec,pick,4.612903225806452
344,mech,drop,8.870967741935484
344,mech,pick,8.64516129032258
345,elec,drop,9.32258064516129
345,elec,pick,10.064516129032258
345,mech,drop,32.935483870967744
345,mech,pick,25.967741935483872
346,elec,drop,5.838709677419355
346,elec,pick,6.387096774193548
346,mech,drop,19.06451612903226
346,mech,pick,18.161290322580644
347,elec,drop,6.064516129032258
347,elec,pick,6.290322580645161
347,mech,drop,23.0
347,mech,pick,17.29032258064516
348,elec,drop,7.0
348,elec,pick,7.0
348,mech,drop,25.64516129032258
348,mech,pick,26.032258064516128
349,elec,drop,10.290322580645162
349,elec,pick,10.096774193548388
349,mech,drop,26.580645161290324
349,mech,pick,25.483870967741936
350,elec,drop,19.35483870967742
350,elec,pick,18.870967741935484
350,mech,drop,28.580645161290324
350,mech,pick,33.29032258064516
351,elec,drop,8.935483870967742
351,elec,pick,9.161290322580646
351,mech,drop,25.838709677419356
351,mech,pick,23.870967741935484
352,elec,drop,12.838709677419354
352,elec,pick,12.741935483870968
352,mech,drop,40.61290322580645
352,mech,pick,40.516129032258064
353,elec,drop,15.387096774193548
353,elec,pick,17.483870967741936
353,mech,drop,33.96774193548387
353,mech,pick,32.70967741935484
354,elec,drop,11.806451612903226
354,elec,pick,12.064516129032258
354,mech,drop,42.61290322580645
354,mech,pick,36.806451612903224
356,elec,drop,32.193548387096776
356,elec,pick,35.32258064516129
356,mech,drop,21.612903225806452
356,mech,pick,22.129032258064516
357,elec,drop,20.967741935483872
357,elec,pick,22.580645161290324
357,mech,drop,8.161290322580646
357,mech,pick,8.290322580645162
358,elec,drop,14.258064516129032
358,elec,pick,13.903225806451612
358,mech,drop,68.54838709677419
358,mech,pick,64.87096774193549
359,elec,drop,21.516129032258064
359,elec,pick,21.032258064516128
359,mech,drop,88.2258064516129
359,mech,pick,87.58064516129032
360,elec,drop,13.387096774193548
360,elec,pick,12.774193548387096
360,mech,drop,54.806451612903224
360,mech,pick,57.0
361,elec,drop,7.0
361,elec,pick,6.838709677419355
361,mech,drop,47.16129032258065
361,mech,pick,44.70967741935484
362,elec,drop,21.193548387096776
362,elec,pick,20.838709677419356
362,mech,drop,58.25806451612903
362,mech,pick,59.61290322580645
363,elec,drop,12.32258064516129
363,elec,pick,12.258064516129032
363,mech,drop,51.96774193548387
363,mech,pick,50.12903225806452
364,elec,drop,25.387096774193548
364,elec,pick,25.483870967741936
364,mech,drop,63.806451612903224
364,mech,pick,63.38709677419355
365,elec,drop,19.387096774193548
365,elec,pick,19.161290322580644
365,mech,drop,46.806451612903224
365,mech,pick,51.74193548387097
367,elec,drop,23.225806451612904
367,elec,pick,23.838709677419356
367,mech,drop,47.67741935483871
367,mech,pick,48.83870967741935
368,elec,drop,20.032258064516128
368,elec,pick,19.870967741935484
368,mech,drop,63.96774193548387
368,mech,pick,65.87096774193549
369,elec,drop,20.225806451612904
369,elec,pick,19.612903225806452
369,mech,drop,63.87096774193548
369,mech,pick,68.12903225806451
370,elec,drop,17.483870967741936
370,elec,pick,17.322580645161292
370,mech,drop,48.225806451612904
370,mech,pick,53.225806451612904
371,elec,drop,12.32258064516129
371,elec,pick,12.0
371,mech,drop,46.483870967741936
371,mech,pick,48.61290322580645
372,elec,drop,11.193548387096774
372,elec,pick,11.35483870967742
372,mech,drop,56.29032258064516
372,mech,pick,57.70967741935484
373,elec,drop,18.451612903225808
373,elec,pick,17.903225806451612
373,mech,drop,102.35483870967742
373,mech,pick,96.25806451612904
374,elec,drop,22.741935483870968
374,elec,pick,23.225806451612904
374,mech,drop,45.064516129032256
374,mech,pick,45.38709677419355
375,elec,drop,10.612903225806452
375,elec,pick,10.483870967741936
375,mech,drop,57.064516129032256
375,mech,pick,58.0
376,elec,drop,5.225806451612903
376,elec,pick,5.161290322580645
376,mech,drop,45.83870967741935
376,mech,pick,44.516129032258064
377,elec,drop,2.806451612903226
377,elec,pick,2.806451612903226
377,mech,drop,11.225806451612904
377,mech,pick,10.774193548387096
378,elec,drop,10.35483870967742
378,elec,pick,10.35483870967742
378,mech,drop,53.67741935483871
378,mech,pick,50.61290322580645
380,elec,drop,5.32258064516129
380,elec,pick,5.225806451612903
380,mech,drop,40.225806451612904
380,mech,pick,36.03225806451613
381,elec,drop,9.612903225806452
381,elec,pick,8.870967741935484
381,mech,drop,46.516129032258064
381,mech,pick,45.0
382,elec,drop,11.451612903225806
382,elec,pick,11.709677419354838
382,mech,drop,61.806451612903224
382,mech,pick,58.96774193548387
384,elec,drop,13.741935483870968
384,elec,pick,14.548387096774194
384,mech,drop,47.935483870967744
384,mech,pick,50.41935483870968
385,elec,drop,21.70967741935484
385,elec,pick,20.483870967741936
385,mech,drop,52.774193548387096
385,mech,pick,54.12903225806452
386,elec,drop,11.709677419354838
386,elec,pick,10.838709677419354
386,mech,drop,49.193548387096776
386,mech,pick,46.806451612903224
387,elec,drop,12.32258064516129
387,elec,pick,11.870967741935484
387,mech,drop,43.225806451612904
387,mech,pick,46.225806451612904
388,elec,drop,13.548387096774194
388,elec,pick,12.548387096774194
388,mech,drop,63.45161290322581
388,mech,pick,64.87096774193549
389,elec,drop,2.5806451612903225
389,elec,pick,2.5806451612903225
389,mech,drop,19.387096774193548
389,mech,pick,14.741935483870968
390,elec,drop,23.0
390,elec,pick,22.29032258064516
390,mech,drop,98.12903225806451
390,mech,pick,91.90322580645162
391,elec,drop,8.35483870967742
391,elec,pick,8.806451612903226
391,mech,drop,30.870967741935484
391,mech,pick,31.451612903225808
392,elec,drop,7.741935483870968
392,elec,pick,7.741935483870968
392,mech,drop,47.25806451612903
392,mech,pick,50.12903225806452
393,elec,drop,11.870967741935484
393,elec,pick,11.612903225806452
393,mech,drop,61.70967741935484
393,mech,pick,61.58064516129032
394,elec,drop,20.64516129032258
394,elec,pick,20.29032258064516
394,mech,drop,63.45161290322581
394,mech,pick,59.225806451612904
395,elec,drop,17.967741935483872
395,elec,pick,18.612903225806452
395,mech,drop,65.6774193548387
395,mech,pick,64.03225806451613
396,elec,drop,5.67741935483871
396,elec,pick,5.354838709677419
396,mech,drop,33.483870967741936
396,mech,pick,30.225806451612904
397,elec,drop,6.612903225806452
397,elec,pick,6.548387096774194
397,mech,drop,48.354838709677416
397,mech,pick,43.225806451612904
398,elec,drop,5.645161290322581
398,elec,pick,5.612903225806452
398,mech,drop,36.935483870967744
398,mech,pick,33.25806451612903
400,elec,drop,7.096774193548387
400,elec,pick,7.225806451612903
400,mech,drop,32.0
400,mech,pick,28.870967741935484
401,elec,drop,15.806451612903226
401,elec,pick,15.161290322580646
401,mech,drop,79.0
401,mech,pick,73.70967741935483
402,elec,drop,4.354838709677419
402,elec,pick,4.193548387096774
402,mech,drop,30.419354838709676
402,mech,pick,24.967741935483872
404,elec,drop,11.193548387096774
404,elec,pick,11.161290322580646
404,mech,drop,51.225806451612904
404,mech,pick,45.483870967741936
405,elec,drop,15.225806451612904
405,elec,pick,15.483870967741936
405,mech,drop,43.16129032258065
405,mech,pick,45.96774193548387
406,elec,drop,12.612903225806452
406,elec,pick,12.67741935483871
406,mech,drop,60.74193548387097
406,mech,pick,56.193548387096776
408,elec,drop,3.903225806451613
408,elec,pick,3.806451612903226
408,mech,drop,39.806451612903224
408,mech,pick,39.096774193548384
409,elec,drop,13.612903225806452
409,elec,pick,13.612903225806452
409,mech,drop,64.83870967741936
409,mech,pick,62.61290322580645
410,elec,drop,3.903225806451613
410,elec,pick,3.7419354838709675
410,mech,drop,32.25806451612903
410,mech,pick,29.322580645161292
412,elec,drop,11.96774193548387
412,elec,pick,11.709677419354838
412,mech,drop,49.96774193548387
412,mech,pick,47.41935483870968
413,elec,drop,15.064516129032258
413,elec,pick,14.774193548387096
413,mech,drop,56.516129032258064
413,mech,pick,56.45161290322581
414,elec,drop,16.451612903225808
414,elec,pick,16.612903225806452
414,mech,drop,62.193548387096776
414,mech,pick,60.0
415,elec,drop,11.387096774193548
415,elec,pick,10.483870967741936
415,mech,drop,58.25806451612903
415,mech,pick,61.483870967741936
416,elec,drop,5.548387096774194
416,elec,pick,5.161290322580645
416,mech,drop,40.67741935483871
416,mech,pick,41.87096774193548
418,elec,drop,15.193548387096774
418,elec,pick,15.387096774193548
418,mech,drop,66.45161290322581
418,mech,pick,63.0
419,elec,drop,6.32258064516129
419,elec,pick,6.483870967741935
419,mech,drop,58.58064516129032
419,mech,pick,51.774193548387096
420,elec,drop,13.838709677419354
420,elec,pick,12.870967741935484
420,mech,drop,39.516129032258064
420,mech,pick,42.03225806451613
421,elec,drop,19.612903225806452
421,elec,pick,20.387096774193548
421,mech,drop,70.45161290322581
421,mech,pick,72.25806451612904
423,elec,drop,8.064516129032258
423,elec,pick,8.03225806451613
423,mech,drop,28.64516129032258
423,mech,pick,27.580645161290324
424,elec,drop,5.064516129032258
424,elec,pick,5.032258064516129
424,mech,drop,37.516129032258064
424,mech,pick,36.87096774193548
425,elec,drop,3.3225806451612905
425,elec,pick,2.903225806451613
425,mech,drop,21.322580645161292
425,mech,pick,20.322580645161292
426,elec,drop,17.096774193548388
426,elec,pick,17.548387096774192
426,mech,drop,69.38709677419355
426,mech,pick,70.12903225806451
427,elec,drop,11.96774193548387
427,elec,pick,11.580645161290322
427,mech,drop,70.48387096774194
427,mech,pick,70.29032258064517
428,elec,drop,7.387096774193548
428,elec,pick,7.774193548387097
428,mech,drop,41.25806451612903
428,mech,pick,42.74193548387097
471,elec,drop,0.8064516129032258
471,elec,pick,0.8387096774193549
471,mech,drop,0.6774193548387096
471,mech,pick,0.7096774193548387
472,elec,drop,2.0
472,elec,pick,2.064516129032258
472,mech,drop,0.8064516129032258
472,mech,pick,1.3548387096774193
474,elec,drop,0.6451612903225806
474,elec,pick,0.7419354838709677
474,mech,drop,0.12903225806451613
474,mech,pick,0.3548387096774194
492,elec,drop,13.0
492,elec,pick,13.064516129032258
492,mech,drop,41.935483870967744
492,mech,pick,46.645161290322584
494,elec,drop,4.096774193548387
494,elec,pick,4.064516129032258
494,mech,drop,18.161290322580644
494,mech,pick,16.70967741935484
495,elec,drop,10.161290322580646
495,elec,pick,10.290322580645162
495,mech,drop,37.096774193548384
495,mech,pick,39.645161290322584
496,elec,drop,21.483870967741936
496,elec,pick,21.580645161290324
496,mech,drop,51.54838709677419
496,mech,pick,53.935483870967744
