datetime,station,acronim,value
2020-01-01T12:30:00Z,D5,TX,11.5
2020-01-01T00:37:00Z,D5,TN,4.6
2020-01-01T19:30:00Z,D5,HRX,91
2020-01-01T12:59:00Z,D5,HRN,64
2020-01-01T09:30:00Z,D5,PX,983.2
2020-01-01T03:39:00Z,D5,PN,980.8
2019-12-31T23:21:00Z,D5,VVX10,11.2
2019-12-31T23:21:00Z,D5,DVVX10,321
2020-01-01T13:34:00Z,X2,TX,12
2020-01-01T04:29:00Z,X2,TN,4.5
2020-01-01T22:59:00Z,X2,HRX,95
2020-01-01T10:10:00Z,X2,HRN,62
2020-01-01T13:11:00Z,X4,TX,13.3
2020-01-01T04:04:00Z,X4,TN,6.7
2020-01-01T04:04:00Z,X4,HRX,77
2020-01-01T11:02:00Z,X4,HRN,55
2020-01-01T09:10:00Z,X4,PX,1028.9
2020-01-01T13:00:00Z,X4,PN,1026.5
2019-12-31T23:09:00Z,X4,VVX10,4.2
2019-12-31T23:09:00Z,X4,DVVX10,288
2020-01-01T12:15:00Z,X8,TX,12.9
2020-01-01T06:30:00Z,X8,TN,3.8
2020-01-01T21:04:00Z,X8,HRX,94
2020-01-01T12:12:00Z,X8,HRN,57
2020-01-01T09:30:00Z,X8,PX,1023.3
2020-01-01T03:45:00Z,X8,PN,1020.9
2020-01-01T00:49:00Z,X8,VVX10,4.9
2020-01-01T00:49:00Z,X8,DVVX10,293
2020-01-02T13:14:00Z,D5,TX,12.3
2020-01-02T05:29:00Z,D5,TN,5.5
2020-01-02T21:33:00Z,D5,HRX,89
2020-01-02T13:15:00Z,D5,HRN,65
2020-01-02T08:57:00Z,D5,PX,983
2020-01-02T13:44:00Z,D5,PN,980.6
2020-01-02T20:59:00Z,D5,VVX10,10.3
2020-01-02T20:59:00Z,D5,DVVX10,267
2020-01-02T13:47:00Z,X2,TX,14
2020-01-02T04:34:00Z,X2,TN,4.1
2020-01-02T02:30:00Z,X2,HRX,96
2020-01-02T13:12:00Z,X2,HRN,60
2020-01-02T13:41:00Z,X4,TX,14.4
2020-01-02T05:10:00Z,X4,TN,7.1
2020-01-02T02:10:00Z,X4,HRX,79
2020-01-02T13:41:00Z,X4,HRN,55
2020-01-02T08:30:00Z,X4,PX,1028.8
2020-01-02T13:30:00Z,X4,PN,1025.7
2020-01-02T12:11:00Z,X4,VVX10,7.8
2020-01-02T12:11:00Z,X4,DVVX10,285
2020-01-02T13:34:00Z,X8,TX,14.4
2020-01-02T05:05:00Z,X8,TN,4.6
2020-01-02T04:42:00Z,X8,HRX,96
2020-01-02T13:45:00Z,X8,HRN,58
2020-01-02T09:00:00Z,X8,PX,1023.1
2020-01-02T13:21:00Z,X8,PN,1020.3
2020-01-02T13:44:00Z,X8,VVX10,6.4
2020-01-02T13:44:00Z,X8,DVVX10,230
2020-01-03T20:42:00Z,D5,TX,10.8
2020-01-03T07:04:00Z,D5,TN,4.2
2020-01-03T03:48:00Z,D5,HRX,92
2020-01-03T20:41:00Z,D5,HRN,46
2020-01-03T22:36:00Z,D5,PX,982.2
2020-01-03T04:30:00Z,D5,PN,978.8
2020-01-03T04:37:00Z,D5,VVX10,12.8
2020-01-03T04:37:00Z,D5,DVVX10,267
2020-01-03T12:24:00Z,X2,TX,13.7
2020-01-03T22:51:00Z,X2,TN,6.1
2020-01-03T01:45:00Z,X2,HRX,97
2020-01-03T13:35:00Z,X2,HRN,51
2020-01-03T11:43:00Z,X4,TX,14
2020-01-03T07:31:00Z,X4,TN,8.7
2020-01-03T03:02:00Z,X4,HRX,77
2020-01-03T14:05:00Z,X4,HRN,47
2020-01-03T09:00:00Z,X4,PX,1027.8
2020-01-03T03:49:00Z,X4,PN,1024.8
2020-01-03T07:06:00Z,X4,VVX10,5.2
2020-01-03T07:06:00Z,X4,DVVX10,298
2020-01-03T11:38:00Z,X8,TX,13.5
2020-01-03T22:51:00Z,X8,TN,6.8
2020-01-03T20:56:00Z,X8,HRX,86
2020-01-03T13:06:00Z,X8,HRN,55
2020-01-03T09:06:00Z,X8,PX,1022.1
2020-01-03T04:00:00Z,X8,PN,1019.2
2020-01-03T02:29:00Z,X8,VVX10,5.5
2020-01-03T02:29:00Z,X8,DVVX10,318
2020-01-04T12:06:00Z,D5,TX,14.3
2020-01-04T19:42:00Z,D5,TN,6.8
2020-01-04T09:02:00Z,D5,HRX,86
2020-01-04T12:30:00Z,D5,HRN,44
2020-01-04T09:01:00Z,D5,PX,983.3
2020-01-04T22:57:00Z,D5,PN,979.7
2020-01-04T19:27:00Z,D5,VVX10,16.4
2020-01-04T19:27:00Z,D5,DVVX10,317
2020-01-04T12:21:00Z,X2,TX,14.7
2020-01-04T06:02:00Z,X2,TN,4.6
2020-01-04T01:30:00Z,X2,HRX,89
2020-01-04T14:34:00Z,X2,HRN,44
2020-01-04T13:08:00Z,X4,TX,16.3
2020-01-04T06:00:00Z,X4,TN,7.4
2020-01-04T06:01:00Z,X4,HRX,71
2020-01-04T13:13:00Z,X4,HRN,37
2020-01-04T09:02:00Z,X4,PX,1028.5
2020-01-04T22:59:00Z,X4,PN,1024.7
2020-01-04T15:42:00Z,X4,VVX10,7.8
2020-01-04T15:42:00Z,X4,DVVX10,271
2020-01-04T12:50:00Z,X8,TX,16.2
2020-01-04T06:03:00Z,X8,TN,4.6
2020-01-04T06:04:00Z,X8,HRX,84
2020-01-04T12:51:00Z,X8,HRN,38
2020-01-04T09:02:00Z,X8,PX,1023
2020-01-04T22:59:00Z,X8,PN,1018.9
2020-01-04T19:02:00Z,X8,VVX10,13.5
2020-01-04T19:02:00Z,X8,DVVX10,309
2020-01-05T11:37:00Z,D5,TX,15.4
2020-01-05T04:18:00Z,D5,TN,5.3
2020-01-05T16:30:00Z,D5,HRX,87
2020-01-05T09:18:00Z,D5,HRN,30
2020-01-05T21:09:00Z,D5,PX,980.3
2020-01-05T12:38:00Z,D5,PN,977.7
2020-01-05T01:56:00Z,D5,VVX10,14.5
2020-01-05T01:56:00Z,D5,DVVX10,316
2020-01-05T10:39:00Z,X2,TX,14.6
2020-01-05T05:39:00Z,X2,TN,4.6
2020-01-05T19:30:00Z,X2,HRX,94
2020-01-05T10:37:00Z,X2,HRN,41
2020-01-05T10:16:00Z,X4,TX,15.3
2020-01-05T06:22:00Z,X4,TN,7.8
2020-01-05T20:07:00Z,X4,HRX,75
2020-01-05T10:07:00Z,X4,HRN,34
2020-01-05T21:31:00Z,X4,PX,1025.4
2020-01-05T12:19:00Z,X4,PN,1022.3
2020-01-05T14:08:00Z,X4,VVX10,6.8
2020-01-05T14:08:00Z,X4,DVVX10,72
2020-01-05T12:13:00Z,X8,TX,16.2
2020-01-05T06:21:00Z,X8,TN,5.4
2020-01-05T21:03:00Z,X8,HRX,91
2020-01-05T11:05:00Z,X8,HRN,34
2020-01-05T21:13:00Z,X8,PX,1019.8
2020-01-05T12:13:00Z,X8,PN,1016.8
2020-01-04T23:12:00Z,X8,VVX10,9
2020-01-04T23:12:00Z,X8,DVVX10,311
2020-01-06T12:37:00Z,D5,TX,13.7
2020-01-06T05:29:00Z,D5,TN,6.5
2020-01-06T17:14:00Z,D5,HRX,87
2020-01-05T23:06:00Z,D5,HRN,48
2020-01-06T22:35:00Z,D5,PX,981.2
2020-01-06T13:04:00Z,D5,PN,978.5
2020-01-06T02:03:00Z,D5,VVX10,7.1
2020-01-06T02:03:00Z,D5,DVVX10,306
2020-01-06T12:38:00Z,X2,TX,14.3
2020-01-06T02:17:00Z,X2,TN,5.8
2020-01-06T20:13:00Z,X2,HRX,97
2020-01-06T10:09:00Z,X2,HRN,53
2020-01-06T11:32:00Z,X4,TX,15.2
2020-01-06T05:06:00Z,X4,TN,8.1
2020-01-06T22:59:00Z,X4,HRX,78
2020-01-06T10:01:00Z,X4,HRN,50
2020-01-06T22:38:00Z,X4,PX,1026.5
2020-01-06T13:06:00Z,X4,PN,1023.3
2020-01-06T22:34:00Z,X4,VVX10,3.8
2020-01-06T22:34:00Z,X4,DVVX10,27
2020-01-06T12:15:00Z,X8,TX,15.7
2020-01-06T05:12:00Z,X8,TN,4.8
2020-01-06T22:53:00Z,X8,HRX,93
2020-01-06T10:12:00Z,X8,HRN,52
2020-01-06T22:36:00Z,X8,PX,1020.8
2020-01-06T13:03:00Z,X8,PN,1017.8
2020-01-06T01:52:00Z,X8,VVX10,4.2
2020-01-06T01:52:00Z,X8,DVVX10,339
2020-01-07T14:44:00Z,D5,TX,14
2020-01-07T02:07:00Z,D5,TN,6.7
2020-01-07T02:30:00Z,D5,HRX,86
2020-01-07T22:59:00Z,D5,HRN,35
2020-01-07T08:39:00Z,D5,PX,981.4
2020-01-07T22:59:00Z,D5,PN,978.3
2020-01-07T07:46:00Z,D5,VVX10,8.8
2020-01-07T07:46:00Z,D5,DVVX10,315
2020-01-07T13:00:00Z,X2,TX,15.6
2020-01-07T06:27:00Z,X2,TN,4.7
2020-01-07T04:09:00Z,X2,HRX,96
2020-01-07T13:06:00Z,X2,HRN,42
2020-01-07T12:58:00Z,X4,TX,16.3
2020-01-07T06:17:00Z,X4,TN,8.6
2020-01-07T00:55:00Z,X4,HRX,80
2020-01-07T12:58:00Z,X4,HRN,36
2020-01-07T08:45:00Z,X4,PX,1026.7
2020-01-07T22:56:00Z,X4,PN,1023.1
2020-01-07T11:51:00Z,X4,VVX10,5.1
2020-01-07T11:51:00Z,X4,DVVX10,246
2020-01-07T13:10:00Z,X8,TX,16.2
2020-01-07T05:52:00Z,X8,TN,5.5
2020-01-07T00:36:00Z,X8,HRX,96
2020-01-07T13:12:00Z,X8,HRN,39
2020-01-07T08:35:00Z,X8,PX,1021
2020-01-07T22:58:00Z,X8,PN,1017.5
2020-01-07T12:10:00Z,X8,VVX10,5.9
2020-01-07T12:10:00Z,X8,DVVX10,286
2020-01-08T12:27:00Z,D5,TX,15.4
2020-01-08T05:35:00Z,D5,TN,7.6
2020-01-08T22:30:00Z,D5,HRX,93
2020-01-07T23:39:00Z,D5,HRN,31
2020-01-08T09:21:00Z,D5,PX,982.4
2020-01-07T23:12:00Z,D5,PN,978.2
2020-01-08T01:23:00Z,D5,VVX10,8.9
2020-01-08T01:23:00Z,D5,DVVX10,47
2020-01-08T10:09:00Z,X2,TX,15.9
2020-01-08T05:55:00Z,X2,TN,4.8
2020-01-08T22:46:00Z,X2,HRX,99
2020-01-08T09:31:00Z,X2,HRN,54
2020-01-08T09:17:00Z,X4,TX,16.4
2020-01-08T00:45:00Z,X4,TN,8.5
2020-01-08T22:50:00Z,X4,HRX,82
2020-01-08T09:16:00Z,X4,HRN,50
2020-01-08T08:38:00Z,X4,PX,1027.5
2020-01-07T23:12:00Z,X4,PN,1023
2020-01-08T12:58:00Z,X4,VVX10,4.1
2020-01-08T12:58:00Z,X4,DVVX10,131
2020-01-08T11:42:00Z,X8,TX,17.1
2020-01-08T00:38:00Z,X8,TN,6.2
2020-01-08T22:23:00Z,X8,HRX,95
2020-01-08T11:43:00Z,X8,HRN,52
2020-01-08T09:06:00Z,X8,PX,1021.9
2020-01-07T23:13:00Z,X8,PN,1017.3
2020-01-08T10:31:00Z,X8,VVX10,5.3
2020-01-08T10:31:00Z,X8,DVVX10,238
2020-01-09T13:09:00Z,D5,TX,13.7
2020-01-09T18:17:00Z,D5,TN,7.8
2020-01-09T02:00:00Z,D5,HRX,93
2020-01-09T02:52:00Z,D5,HRN,59
2020-01-08T23:00:00Z,D5,PX,980.8
2020-01-09T22:36:00Z,D5,PN,974.4
2020-01-09T22:19:00Z,D5,VVX10,8.9
2020-01-09T22:19:00Z,D5,DVVX10,242
2020-01-09T12:00:00Z,X2,TX,14.6
2020-01-09T06:32:00Z,X2,TN,4.9
2020-01-09T05:30:00Z,X2,HRX,100
2020-01-09T12:03:00Z,X2,HRN,69
2020-01-09T12:45:00Z,X4,TX,14.7
2020-01-09T06:27:00Z,X4,TN,8.5
2020-01-09T01:01:00Z,X4,HRX,86
2020-01-09T13:39:00Z,X4,HRN,63
2020-01-08T23:00:00Z,X4,PX,1026
2020-01-09T22:52:00Z,X4,PN,1019.4
2020-01-09T14:26:00Z,X4,VVX10,7.4
2020-01-09T14:26:00Z,X4,DVVX10,240
2020-01-09T11:54:00Z,X8,TX,14.8
2020-01-09T05:18:00Z,X8,TN,6.8
2020-01-09T06:01:00Z,X8,HRX,97
2020-01-09T13:21:00Z,X8,HRN,67
2020-01-08T23:00:00Z,X8,PX,1020.3
2020-01-09T22:36:00Z,X8,PN,1013.8
2020-01-09T13:47:00Z,X8,VVX10,7
2020-01-09T13:47:00Z,X8,DVVX10,220
2020-01-10T03:27:00Z,D5,TX,9.2
2020-01-10T08:32:00Z,D5,TN,6.1
2020-01-10T08:00:00Z,D5,HRX,98
2020-01-10T20:23:00Z,D5,HRN,70
2020-01-10T22:50:00Z,D5,PX,979.4
2020-01-10T04:00:00Z,D5,PN,974.2
2020-01-10T17:48:00Z,D5,VVX10,11.6
2020-01-10T17:48:00Z,D5,DVVX10,336
2020-01-10T13:30:00Z,X2,TX,11.9
2020-01-10T22:47:00Z,X2,TN,7.4
2020-01-10T08:08:00Z,X2,HRX,99
2020-01-10T13:05:00Z,X2,HRN,75
2020-01-10T13:31:00Z,X4,TX,12.3
2020-01-10T22:59:00Z,X4,TN,9.3
2020-01-10T08:00:00Z,X4,HRX,95
2020-01-10T14:11:00Z,X4,HRN,66
2020-01-10T22:54:00Z,X4,PX,1024.8
2020-01-10T03:33:00Z,X4,PN,1019.2
2020-01-10T10:49:00Z,X4,VVX10,6.1
2020-01-10T10:49:00Z,X4,DVVX10,303
2020-01-10T14:04:00Z,X8,TX,11.2
2020-01-10T21:27:00Z,X8,TN,6.3
2020-01-10T08:00:00Z,X8,HRX,98
2020-01-10T12:40:00Z,X8,HRN,75
2020-01-10T22:55:00Z,X8,PX,1019.1
2020-01-10T03:35:00Z,X8,PN,1013.5
2020-01-10T10:51:00Z,X8,VVX10,7.8
2020-01-10T10:51:00Z,X8,DVVX10,300
2020-01-11T13:59:00Z,D5,TX,8
2020-01-11T06:01:00Z,D5,TN,3.2
2020-01-11T00:00:00Z,D5,HRX,91
2020-01-11T17:33:00Z,D5,HRN,55
2020-01-11T09:39:00Z,D5,PX,981.5
2020-01-10T23:53:00Z,D5,PN,978.9
2020-01-11T01:59:00Z,D5,VVX10,12.6
2020-01-11T01:59:00Z,D5,DVVX10,315
2020-01-11T13:30:00Z,X2,TX,11.8
2020-01-11T22:59:00Z,X2,TN,4.9
2020-01-11T05:37:00Z,X2,HRX,96
2020-01-11T13:09:00Z,X2,HRN,49
2020-01-11T12:58:00Z,X4,TX,12.9
2020-01-11T06:41:00Z,X4,TN,7.3
2020-01-11T01:00:00Z,X4,HRX,79
2020-01-11T13:20:00Z,X4,HRN,44
2020-01-11T09:03:00Z,X4,PX,1027.4
2020-01-11T01:02:00Z,X4,PN,1024.3
2020-01-11T21:12:00Z,X4,VVX10,8.1
2020-01-11T21:12:00Z,X4,DVVX10,323
2020-01-11T13:21:00Z,X8,TX,12.2
2020-01-11T22:24:00Z,X8,TN,5.1
2020-01-11T00:46:00Z,X8,HRX,97
2020-01-11T18:10:00Z,X8,HRN,54
2020-01-11T09:32:00Z,X8,PX,1021.8
2020-01-11T00:00:00Z,X8,PN,1018.6
2020-01-11T02:27:00Z,X8,VVX10,8.5
2020-01-11T02:27:00Z,X8,DVVX10,293
2020-01-12T13:10:00Z,D5,TX,13.9
2020-01-12T02:50:00Z,D5,TN,5.2
2020-01-12T09:10:00Z,D5,HRX,78
2020-01-12T21:41:00Z,D5,HRN,37
2020-01-12T09:06:00Z,D5,PX,981.4
2020-01-12T22:58:00Z,D5,PN,977.8
2020-01-12T22:57:00Z,D5,VVX10,10.7
2020-01-12T22:57:00Z,D5,DVVX10,310
2020-01-12T12:20:00Z,X2,TX,13.1
2020-01-12T04:02:00Z,X2,TN,3.2
2020-01-12T03:49:00Z,X2,HRX,96
2020-01-12T12:00:00Z,X2,HRN,52
2020-01-12T12:02:00Z,X4,TX,14.7
2020-01-12T02:10:00Z,X4,TN,6
2020-01-12T03:36:00Z,X4,HRX,75
2020-01-12T21:56:00Z,X4,HRN,43
2020-01-12T08:49:00Z,X4,PX,1027
2020-01-12T22:58:00Z,X4,PN,1023.4
2020-01-12T22:23:00Z,X4,VVX10,5.7
2020-01-12T22:23:00Z,X4,DVVX10,307
2020-01-12T12:54:00Z,X8,TX,15
2020-01-12T01:37:00Z,X8,TN,3.3
2020-01-12T05:55:00Z,X8,HRX,87
2020-01-12T13:25:00Z,X8,HRN,42
2020-01-12T09:00:00Z,X8,PX,1021.3
2020-01-12T22:57:00Z,X8,PN,1017.7
2020-01-12T22:20:00Z,X8,VVX10,6.1
2020-01-12T22:20:00Z,X8,DVVX10,300
2020-01-13T12:04:00Z,D5,TX,11.6
2020-01-13T06:16:00Z,D5,TN,4.4
2020-01-13T22:41:00Z,D5,HRX,88
2020-01-13T11:06:00Z,D5,HRN,41
2020-01-12T23:00:00Z,D5,PX,978.1
2020-01-13T22:59:00Z,D5,PN,972.1
2020-01-13T03:05:00Z,D5,VVX10,13.1
2020-01-13T03:05:00Z,D5,DVVX10,329
2020-01-13T13:09:00Z,X2,TX,12.9
2020-01-13T07:11:00Z,X2,TN,4.1
2020-01-13T22:59:00Z,X2,HRX,95
2020-01-13T10:10:00Z,X2,HRN,39
2020-01-13T13:10:00Z,X4,TX,13.3
2020-01-13T06:33:00Z,X4,TN,7.5
2020-01-13T22:55:00Z,X4,HRX,77
2020-01-13T10:12:00Z,X4,HRN,36
2020-01-12T23:01:00Z,X4,PX,1023.4
2020-01-13T22:45:00Z,X4,PN,1017.3
2020-01-13T00:37:00Z,X4,VVX10,7.4
2020-01-13T00:37:00Z,X4,DVVX10,317
2020-01-13T12:31:00Z,X8,TX,13.3
2020-01-13T06:07:00Z,X8,TN,6
2020-01-13T22:42:00Z,X8,HRX,84
2020-01-13T11:07:00Z,X8,HRN,36
2020-01-12T23:08:00Z,X8,PX,1017.8
2020-01-13T22:36:00Z,X8,PN,1011.6
2020-01-13T04:12:00Z,X8,VVX10,8.4
2020-01-13T04:12:00Z,X8,DVVX10,313
2020-01-14T13:36:00Z,D5,TX,14.4
2020-01-14T07:46:00Z,D5,TN,6.3
2020-01-14T22:33:00Z,D5,HRX,85
2020-01-14T12:25:00Z,D5,HRN,43
2020-01-14T22:00:00Z,D5,PX,973.7
2020-01-14T02:34:00Z,D5,PN,971.2
2020-01-14T07:16:00Z,D5,VVX10,12.8
2020-01-14T07:16:00Z,D5,DVVX10,300
2020-01-14T11:19:00Z,X2,TX,15.1
2020-01-14T05:42:00Z,X2,TN,3.4
2020-01-14T02:31:00Z,X2,HRX,97
2020-01-14T10:18:00Z,X2,HRN,35
2020-01-14T11:14:00Z,X4,TX,15.5
2020-01-14T04:43:00Z,X4,TN,8
2020-01-14T00:53:00Z,X4,HRX,82
2020-01-14T10:07:00Z,X4,HRN,32
2020-01-14T21:39:00Z,X4,PX,1018.9
2020-01-14T13:03:00Z,X4,PN,1016.2
2020-01-14T08:23:00Z,X4,VVX10,6.9
2020-01-14T08:23:00Z,X4,DVVX10,307
2020-01-14T12:00:00Z,X8,TX,15.3
2020-01-14T04:21:00Z,X8,TN,5.1
2020-01-14T22:46:00Z,X8,HRX,89
2020-01-14T10:40:00Z,X8,HRN,36
2020-01-14T21:47:00Z,X8,PX,1013.2
2020-01-14T02:30:00Z,X8,PN,1010.7
2020-01-14T08:38:00Z,X8,VVX10,8.1
2020-01-14T08:38:00Z,X8,DVVX10,288
2020-01-15T13:12:00Z,D5,TX,14.4
2020-01-15T04:07:00Z,D5,TN,7.3
2020-01-15T00:41:00Z,D5,HRX,87
2020-01-15T09:59:00Z,D5,HRN,46
2020-01-15T22:33:00Z,D5,PX,978.2
2020-01-15T03:11:00Z,D5,PN,972.9
2020-01-15T03:59:00Z,D5,VVX10,7.9
2020-01-15T03:59:00Z,D5,DVVX10,259
2020-01-15T13:00:00Z,X2,TX,14.5
2020-01-15T05:30:00Z,X2,TN,4
2020-01-15T05:34:00Z,X2,HRX,97
2020-01-15T13:34:00Z,X2,HRN,43
2020-01-15T12:57:00Z,X4,TX,15.2
2020-01-15T06:22:00Z,X4,TN,8.2
2020-01-15T02:33:00Z,X4,HRX,81
2020-01-15T12:56:00Z,X4,HRN,36
2020-01-15T22:30:00Z,X4,PX,1023.1
2020-01-15T03:33:00Z,X4,PN,1018.1
2020-01-15T13:45:00Z,X4,VVX10,6.5
2020-01-15T13:45:00Z,X4,DVVX10,244
2020-01-15T12:32:00Z,X8,TX,15.1
2020-01-15T06:26:00Z,X8,TN,5.5
2020-01-15T06:30:00Z,X8,HRX,91
2020-01-15T13:25:00Z,X8,HRN,40
2020-01-15T22:30:00Z,X8,PX,1017.5
2020-01-15T03:12:00Z,X8,PN,1012.4
2020-01-15T13:56:00Z,X8,VVX10,7.5
2020-01-15T13:56:00Z,X8,DVVX10,214
2020-01-16T12:40:00Z,D5,TX,14.8
2020-01-16T04:30:00Z,D5,TN,7.5
2020-01-16T20:30:00Z,D5,HRX,97
2020-01-16T10:55:00Z,D5,HRN,56
2020-01-16T09:03:00Z,D5,PX,979.4
2020-01-16T14:00:00Z,D5,PN,976.9
2020-01-16T21:38:00Z,D5,VVX10,7.5
2020-01-16T21:38:00Z,D5,DVVX10,234
2020-01-16T11:17:00Z,X2,TX,14.9
2020-01-16T06:37:00Z,X2,TN,5.1
2020-01-16T21:39:00Z,X2,HRX,98
2020-01-16T11:03:00Z,X2,HRN,51
2020-01-16T13:40:00Z,X4,TX,15.5
2020-01-16T06:22:00Z,X4,TN,8.5
2020-01-16T20:37:00Z,X4,HRX,86
2020-01-16T10:51:00Z,X4,HRN,46
2020-01-16T09:00:00Z,X4,PX,1024.6
2020-01-16T14:11:00Z,X4,PN,1021.6
2020-01-16T13:46:00Z,X4,VVX10,6.6
2020-01-16T13:46:00Z,X4,DVVX10,224
2020-01-16T12:41:00Z,X8,TX,15.9
2020-01-16T04:46:00Z,X8,TN,5.9
2020-01-16T17:51:00Z,X8,HRX,94
2020-01-16T10:07:00Z,X8,HRN,50
2020-01-16T09:02:00Z,X8,PX,1019
2020-01-16T14:00:00Z,X8,PN,1016.2
2020-01-16T13:53:00Z,X8,VVX10,5.2
2020-01-16T13:53:00Z,X8,DVVX10,206
2020-01-17T12:00:00Z,D5,TX,15.4
2020-01-17T20:52:00Z,D5,TN,8
2020-01-17T00:30:00Z,D5,HRX,95
2020-01-17T17:00:00Z,D5,HRN,48
2020-01-17T22:30:00Z,D5,PX,980.7
2020-01-17T11:43:00Z,D5,PN,974.6
2020-01-17T11:34:00Z,D5,VVX10,13.5
2020-01-17T11:34:00Z,D5,DVVX10,224
2020-01-17T11:17:00Z,X2,TX,18.3
2020-01-17T02:42:00Z,X2,TN,8.3
2020-01-17T03:06:00Z,X2,HRX,98
2020-01-17T17:15:00Z,X2,HRN,41
2020-01-17T12:30:00Z,X4,TX,18.3
2020-01-17T06:02:00Z,X4,TN,10.3
2020-01-17T04:00:00Z,X4,HRX,82
2020-01-17T17:00:00Z,X4,HRN,36
2020-01-17T22:23:00Z,X4,PX,1025.9
2020-01-17T11:59:00Z,X4,PN,1019
2020-01-17T14:02:00Z,X4,VVX10,13.6
2020-01-17T14:02:00Z,X4,DVVX10,299
2020-01-17T12:10:00Z,X8,TX,18.1
2020-01-17T03:27:00Z,X8,TN,8.3
2020-01-17T03:28:00Z,X8,HRX,94
2020-01-17T16:40:00Z,X8,HRN,36
2020-01-17T22:45:00Z,X8,PX,1020.2
2020-01-17T12:05:00Z,X8,PN,1014.2
2020-01-17T13:33:00Z,X8,VVX10,10.4
2020-01-17T13:33:00Z,X8,DVVX10,307
2020-01-18T13:00:00Z,D5,TX,14.5
2020-01-18T07:46:00Z,D5,TN,6.3
2020-01-18T22:32:00Z,D5,HRX,91
2020-01-18T11:06:00Z,D5,HRN,42
2020-01-18T06:46:00Z,D5,PX,980.8
2020-01-18T22:58:00Z,D5,PN,971.1
2020-01-18T01:47:00Z,D5,VVX10,9.4
2020-01-18T01:47:00Z,D5,DVVX10,16
2020-01-18T13:51:00Z,X2,TX,14.8
2020-01-18T01:21:00Z,X2,TN,7.3
2020-01-18T21:49:00Z,X2,HRX,83
2020-01-18T12:36:00Z,X2,HRN,46
2020-01-18T13:32:00Z,X4,TX,15.3
2020-01-18T00:46:00Z,X4,TN,10.1
2020-01-18T20:56:00Z,X4,HRX,72
2020-01-18T12:30:00Z,X4,HRN,38
2020-01-18T07:42:00Z,X4,PX,1026.1
2020-01-18T22:49:00Z,X4,PN,1015.9
2020-01-18T14:02:00Z,X4,VVX10,7.3
2020-01-18T14:02:00Z,X4,DVVX10,229
2020-01-18T13:17:00Z,X8,TX,15.7
2020-01-18T01:10:00Z,X8,TN,8
2020-01-18T22:15:00Z,X8,HRX,88
2020-01-18T11:04:00Z,X8,HRN,34
2020-01-18T07:38:00Z,X8,PX,1020.5
2020-01-18T22:49:00Z,X8,PN,1010.3
2020-01-18T07:28:00Z,X8,VVX10,7.4
2020-01-18T07:28:00Z,X8,DVVX10,294
2020-01-19T13:41:00Z,D5,TX,8.5
2020-01-19T07:30:00Z,D5,TN,5.1
2020-01-19T04:31:00Z,D5,HRX,96
2020-01-19T15:45:00Z,D5,HRN,28
2020-01-19T22:15:00Z,D5,PX,974.4
2020-01-19T05:04:00Z,D5,PN,969.3
2020-01-19T15:24:00Z,D5,VVX10,25.7
2020-01-19T15:24:00Z,D5,DVVX10,56
2020-01-19T13:51:00Z,X2,TX,12.4
2020-01-19T04:39:00Z,X2,TN,9.3
2020-01-19T03:31:00Z,X2,HRX,89
2020-01-19T21:31:00Z,X2,HRN,23
2020-01-19T13:42:00Z,X4,TX,12.3
2020-01-19T05:01:00Z,X4,TN,9.3
2020-01-19T03:30:00Z,X4,HRX,87
2020-01-19T14:54:00Z,X4,HRN,20
2020-01-19T22:34:00Z,X4,PX,1020
2020-01-19T02:44:00Z,X4,PN,1014.5
2020-01-19T16:19:00Z,X4,VVX10,21
2020-01-19T16:19:00Z,X4,DVVX10,51
2020-01-19T13:30:00Z,X8,TX,11.9
2020-01-19T07:22:00Z,X8,TN,8.6
2020-01-19T04:00:00Z,X8,HRX,93
2020-01-19T15:02:00Z,X8,HRN,19
2020-01-19T22:08:00Z,X8,PX,1014.1
2020-01-19T04:55:00Z,X8,PN,1008.8
2020-01-19T17:11:00Z,X8,VVX10,18.7
2020-01-19T17:11:00Z,X8,DVVX10,37
2020-01-20T01:32:00Z,D5,TX,7.4
2020-01-20T22:26:00Z,D5,TN,4.5
2020-01-20T22:53:00Z,D5,HRX,95
2020-01-19T23:00:00Z,D5,HRN,35
2020-01-20T19:30:00Z,D5,PX,977.1
2020-01-20T03:11:00Z,D5,PN,971.4
2020-01-20T04:10:00Z,D5,VVX10,28.9
2020-01-20T04:10:00Z,D5,DVVX10,49
2020-01-20T01:31:00Z,X2,TX,11.1
2020-01-20T22:54:00Z,X2,TN,7.8
2020-01-20T22:59:00Z,X2,HRX,90
2020-01-19T23:01:00Z,X2,HRN,27
2020-01-20T01:33:00Z,X4,TX,11
2020-01-20T22:30:00Z,X4,TN,8
2020-01-20T22:59:00Z,X4,HRX,85
2020-01-19T23:00:00Z,X4,HRN,25
2020-01-20T19:14:00Z,X4,PX,1023.5
2020-01-20T03:30:00Z,X4,PN,1018.1
2020-01-20T15:33:00Z,X4,VVX10,18.3
2020-01-20T15:33:00Z,X4,DVVX10,32
2020-01-20T01:35:00Z,X8,TX,10.7
2020-01-20T22:56:00Z,X8,TN,7.6
2020-01-20T22:59:00Z,X8,HRX,88
2020-01-19T23:00:00Z,X8,HRN,25
2020-01-20T19:07:00Z,X8,PX,1017.3
2020-01-20T03:46:00Z,X8,PN,1012.4
2020-01-20T18:01:00Z,X8,VVX10,21.8
2020-01-20T18:01:00Z,X8,DVVX10,39
2020-01-21T20:54:00Z,D5,TX,9.4
2020-01-20T23:18:00Z,D5,TN,4.7
2020-01-21T22:55:00Z,D5,HRX,98
2020-01-21T01:04:00Z,D5,HRN,95
2020-01-21T00:10:00Z,D5,PX,976
2020-01-21T19:51:00Z,D5,PN,970.8
2020-01-21T10:57:00Z,D5,VVX10,30.3
2020-01-21T10:57:00Z,D5,DVVX10,75
2020-01-21T13:13:00Z,X2,TX,12.6
2020-01-21T00:13:00Z,X2,TN,7.7
2020-01-21T20:42:00Z,X2,HRX,100
2020-01-21T18:11:00Z,X2,HRN,85
2020-01-21T13:17:00Z,X4,TX,12.4
2020-01-21T00:09:00Z,X4,TN,7.8
2020-01-21T20:45:00Z,X4,HRX,96
2020-01-21T21:55:00Z,X4,HRN,80
2020-01-20T23:55:00Z,X4,PX,1022.2
2020-01-21T19:55:00Z,X4,PN,1016.6
2020-01-21T20:25:00Z,X4,VVX10,20.8
2020-01-21T20:25:00Z,X4,DVVX10,75
2020-01-21T13:11:00Z,X8,TX,11.9
2020-01-20T23:04:00Z,X8,TN,7.5
2020-01-21T22:40:00Z,X8,HRX,98
2020-01-20T23:42:00Z,X8,HRN,84
2020-01-20T23:22:00Z,X8,PX,1016
2020-01-21T19:43:00Z,X8,PN,1011.1
2020-01-21T12:20:00Z,X8,VVX10,22.5
2020-01-21T12:20:00Z,X8,DVVX10,63
2020-01-22T20:32:00Z,D5,TX,11.6
2020-01-22T03:46:00Z,D5,TN,7.3
2020-01-22T22:30:00Z,D5,HRX,99
2020-01-22T04:43:00Z,D5,HRN,92
2020-01-21T23:00:00Z,D5,PX,973.9
2020-01-22T14:38:00Z,D5,PN,969.8
2020-01-22T14:44:00Z,D5,VVX10,20.3
2020-01-22T14:44:00Z,D5,DVVX10,77
2020-01-22T19:30:00Z,X2,TX,14.5
2020-01-22T04:38:00Z,X2,TN,9.6
2020-01-22T02:00:00Z,X2,HRX,100
2020-01-22T15:37:00Z,X2,HRN,90
2020-01-22T18:41:00Z,X4,TX,14.5
2020-01-21T23:27:00Z,X4,TN,9.6
2020-01-21T23:40:00Z,X4,HRX,96
2020-01-22T06:30:00Z,X4,HRN,80
2020-01-21T23:12:00Z,X4,PX,1018.7
2020-01-22T14:46:00Z,X4,PN,1014.5
2020-01-22T21:35:00Z,X4,VVX10,13
2020-01-22T21:35:00Z,X4,DVVX10,89
2020-01-22T14:30:00Z,X8,TX,14.2
2020-01-21T23:16:00Z,X8,TN,9.9
2020-01-22T00:00:00Z,X8,HRX,98
2020-01-22T04:21:00Z,X8,HRN,80
2020-01-21T23:00:00Z,X8,PX,1013.1
2020-01-22T15:50:00Z,X8,PN,1009.1
2020-01-22T13:27:00Z,X8,VVX10,13.1
2020-01-22T13:27:00Z,X8,DVVX10,80
2020-01-23T12:57:00Z,D5,TX,14
2020-01-23T09:08:00Z,D5,TN,8.6
2020-01-23T09:00:00Z,D5,HRX,99
2020-01-23T18:45:00Z,D5,HRN,64
2020-01-23T22:00:00Z,D5,PX,974.6
2020-01-23T01:40:00Z,D5,PN,967.7
2020-01-23T01:41:00Z,D5,VVX10,21.2
2020-01-23T01:41:00Z,D5,DVVX10,75
2020-01-23T12:55:00Z,X2,TX,15
2020-01-23T22:58:00Z,X2,TN,7.9
2020-01-23T07:00:00Z,X2,HRX,100
2020-01-23T14:30:00Z,X2,HRN,63
2020-01-23T12:50:00Z,X4,TX,15.5
2020-01-23T22:52:00Z,X4,TN,10.9
2020-01-23T04:00:00Z,X4,HRX,97
2020-01-23T13:22:00Z,X4,HRN,54
2020-01-23T22:00:00Z,X4,PX,1019.4
2020-01-23T02:31:00Z,X4,PN,1012.8
2020-01-23T01:00:00Z,X4,VVX10,12
2020-01-23T01:00:00Z,X4,DVVX10,93
2020-01-23T12:38:00Z,X8,TX,15.6
2020-01-23T22:30:00Z,X8,TN,8.3
2020-01-23T06:00:00Z,X8,HRX,99
2020-01-23T12:59:00Z,X8,HRN,56
2020-01-23T22:01:00Z,X8,PX,1013.8
2020-01-23T01:33:00Z,X8,PN,1007.4
2020-01-22T23:50:00Z,X8,VVX10,14.8
2020-01-22T23:50:00Z,X8,DVVX10,60
2020-01-24T13:45:00Z,D5,TX,15.5
2020-01-24T04:56:00Z,D5,TN,7.6
2020-01-24T15:37:00Z,D5,HRX,78
2020-01-24T13:15:00Z,D5,HRN,52
2020-01-23T23:00:00Z,D5,PX,974.4
2020-01-24T14:10:00Z,D5,PN,971.4
2020-01-24T04:48:00Z,D5,VVX10,8.2
2020-01-24T04:48:00Z,D5,DVVX10,313
2020-01-24T11:45:00Z,X2,TX,16.2
2020-01-24T05:40:00Z,X2,TN,6
2020-01-24T06:30:00Z,X2,HRX,100
2020-01-24T11:47:00Z,X2,HRN,55
2020-01-24T13:07:00Z,X4,TX,16.8
2020-01-24T06:36:00Z,X4,TN,9.1
2020-01-24T04:01:00Z,X4,HRX,86
2020-01-24T11:36:00Z,X4,HRN,50
2020-01-23T23:04:00Z,X4,PX,1019.2
2020-01-24T14:06:00Z,X4,PN,1015.7
2020-01-24T14:53:00Z,X4,VVX10,4.6
2020-01-24T14:53:00Z,X4,DVVX10,261
2020-01-24T11:41:00Z,X8,TX,16.4
2020-01-24T03:48:00Z,X8,TN,6.8
2020-01-24T03:50:00Z,X8,HRX,94
2020-01-24T11:47:00Z,X8,HRN,52
2020-01-23T23:01:00Z,X8,PX,1013.7
2020-01-24T14:08:00Z,X8,PN,1010.4
2020-01-24T11:26:00Z,X8,VVX10,3.8
2020-01-24T11:26:00Z,X8,DVVX10,257
2020-01-25T12:15:00Z,D5,TX,11.6
2020-01-25T04:45:00Z,D5,TN,7.9
2020-01-25T22:30:00Z,D5,HRX,97
2020-01-24T23:02:00Z,D5,HRN,73
2020-01-25T09:34:00Z,D5,PX,973
2020-01-25T22:56:00Z,D5,PN,969.4
2020-01-25T18:45:00Z,D5,VVX10,5.7
2020-01-25T18:45:00Z,D5,DVVX10,73
2020-01-25T12:13:00Z,X2,TX,14.8
2020-01-25T04:05:00Z,X2,TN,8.7
2020-01-25T22:59:00Z,X2,HRX,96
2020-01-25T12:14:00Z,X2,HRN,67
2020-01-25T12:03:00Z,X4,TX,14.5
2020-01-25T06:16:00Z,X4,TN,10.5
2020-01-25T21:00:00Z,X4,HRX,88
2020-01-25T12:03:00Z,X4,HRN,63
2020-01-25T09:06:00Z,X4,PX,1017.8
2020-01-25T22:54:00Z,X4,PN,1014
2020-01-25T15:19:00Z,X4,VVX10,4.5
2020-01-25T15:19:00Z,X4,DVVX10,93
2020-01-25T11:51:00Z,X8,TX,14.2
2020-01-25T01:00:00Z,X8,TN,8.8
2020-01-25T06:00:00Z,X8,HRX,98
2020-01-25T11:47:00Z,X8,HRN,65
2020-01-25T09:30:00Z,X8,PX,1012.2
2020-01-25T22:57:00Z,X8,PN,1008.5
2020-01-25T09:19:00Z,X8,VVX10,4.2
2020-01-25T09:19:00Z,X8,DVVX10,36
2020-01-26T12:44:00Z,D5,TX,14.3
2020-01-26T22:56:00Z,D5,TN,8.3
2020-01-25T23:30:00Z,D5,HRX,97
2020-01-26T12:57:00Z,D5,HRN,66
2020-01-26T22:13:00Z,D5,PX,974.1
2020-01-26T04:04:00Z,D5,PN,968.8
2020-01-26T08:28:00Z,D5,VVX10,8.6
2020-01-26T08:28:00Z,D5,DVVX10,312
2020-01-26T11:32:00Z,X2,TX,17
2020-01-26T06:07:00Z,X2,TN,8.2
2020-01-26T07:00:00Z,X2,HRX,98
2020-01-26T11:49:00Z,X2,HRN,54
2020-01-26T12:41:00Z,X4,TX,17.7
2020-01-26T04:30:00Z,X4,TN,11
2020-01-26T17:00:00Z,X4,HRX,88
2020-01-26T12:41:00Z,X4,HRN,50
2020-01-26T22:30:00Z,X4,PX,1019
2020-01-26T04:05:00Z,X4,PN,1013.3
2020-01-26T09:11:00Z,X4,VVX10,6.8
2020-01-26T09:11:00Z,X4,DVVX10,307
2020-01-26T12:40:00Z,X8,TX,16.3
2020-01-26T02:10:00Z,X8,TN,8.7
2020-01-26T02:00:00Z,X8,HRX,97
2020-01-26T12:43:00Z,X8,HRN,58
2020-01-26T22:30:00Z,X8,PX,1013.5
2020-01-26T04:34:00Z,X8,PN,1007.8
2020-01-26T10:44:00Z,X8,VVX10,7.9
2020-01-26T10:44:00Z,X8,DVVX10,286
2020-01-27T11:37:00Z,D5,TX,12.6
2020-01-27T06:00:00Z,D5,TN,5.8
2020-01-26T23:55:00Z,D5,HRX,82
2020-01-27T11:30:00Z,D5,HRN,53
2020-01-26T23:00:00Z,D5,PX,973.8
2020-01-27T17:19:00Z,D5,PN,968.6
2020-01-27T10:42:00Z,D5,VVX10,9.9
2020-01-27T10:42:00Z,D5,DVVX10,238
2020-01-27T11:36:00Z,X2,TX,15.9
2020-01-27T03:52:00Z,X2,TN,7
2020-01-27T03:30:00Z,X2,HRX,99
2020-01-27T11:56:00Z,X2,HRN,43
2020-01-27T11:49:00Z,X4,TX,15.9
2020-01-27T06:30:00Z,X4,TN,9.8
2020-01-26T23:43:00Z,X4,HRX,81
2020-01-27T11:51:00Z,X4,HRN,39
2020-01-26T23:00:00Z,X4,PX,1018.8
2020-01-27T15:15:00Z,X4,PN,1013.3
2020-01-27T11:51:00Z,X4,VVX10,8.9
2020-01-27T11:51:00Z,X4,DVVX10,288
2020-01-27T11:30:00Z,X8,TX,15.4
2020-01-27T04:00:00Z,X8,TN,7.5
2020-01-26T23:31:00Z,X8,HRX,86
2020-01-27T11:44:00Z,X8,HRN,42
2020-01-26T23:00:00Z,X8,PX,1013.3
2020-01-27T15:11:00Z,X8,PN,1008
2020-01-27T10:56:00Z,X8,VVX10,10.1
2020-01-27T10:56:00Z,X8,DVVX10,259
2020-01-28T13:29:00Z,D5,TX,14.2
2020-01-28T04:00:00Z,D5,TN,7.9
2020-01-28T05:20:00Z,D5,HRX,78
2020-01-28T13:33:00Z,D5,HRN,58
2020-01-28T22:31:00Z,D5,PX,971.1
2020-01-28T04:56:00Z,D5,PN,967.4
2020-01-28T08:36:00Z,D5,VVX10,14.8
2020-01-28T08:36:00Z,D5,DVVX10,304
2020-01-28T13:30:00Z,X2,TX,18
2020-01-28T04:09:00Z,X2,TN,7.9
2020-01-28T22:42:00Z,X2,HRX,90
2020-01-28T14:02:00Z,X2,HRN,48
2020-01-28T13:30:00Z,X4,TX,18.2
2020-01-28T04:36:00Z,X4,TN,11.1
2020-01-28T22:08:00Z,X4,HRX,72
2020-01-28T14:01:00Z,X4,HRN,44
2020-01-28T22:34:00Z,X4,PX,1015.3
2020-01-28T13:18:00Z,X4,PN,1011.7
2020-01-28T08:54:00Z,X4,VVX10,10.9
2020-01-28T08:54:00Z,X4,DVVX10,261
2020-01-28T13:00:00Z,X8,TX,17.5
2020-01-28T04:09:00Z,X8,TN,9
2020-01-28T22:25:00Z,X8,HRX,83
2020-01-28T13:36:00Z,X8,HRN,48
2020-01-28T22:30:00Z,X8,PX,1009.8
2020-01-28T13:04:00Z,X8,PN,1006.6
2020-01-28T13:53:00Z,X8,VVX10,9.1
2020-01-28T13:53:00Z,X8,DVVX10,288
2020-01-29T13:55:00Z,D5,TX,14.7
2020-01-29T06:17:00Z,D5,TN,8.6
2020-01-29T17:00:00Z,D5,HRX,95
2020-01-28T23:03:00Z,D5,HRN,65
2020-01-29T09:49:00Z,D5,PX,973.8
2020-01-29T02:41:00Z,D5,PN,970.4
2020-01-28T23:13:00Z,D5,VVX10,6.6
2020-01-28T23:13:00Z,D5,DVVX10,257
2020-01-29T12:07:00Z,X2,TX,15.3
2020-01-29T04:35:00Z,X2,TN,7.8
2020-01-29T22:49:00Z,X2,HRX,100
2020-01-29T08:55:00Z,X2,HRN,70
2020-01-29T11:52:00Z,X4,TX,15.8
2020-01-29T03:35:00Z,X4,TN,10.5
2020-01-29T22:14:00Z,X4,HRX,89
2020-01-29T11:52:00Z,X4,HRN,63
2020-01-29T09:51:00Z,X4,PX,1018.4
2020-01-28T23:44:00Z,X4,PN,1014.8
2020-01-29T13:01:00Z,X4,VVX10,4.2
2020-01-29T13:01:00Z,X4,DVVX10,132
2020-01-29T11:50:00Z,X8,TX,17.3
2020-01-29T06:15:00Z,X8,TN,9.3
2020-01-29T22:30:00Z,X8,HRX,98
2020-01-29T12:29:00Z,X8,HRN,58
2020-01-29T09:50:00Z,X8,PX,1012.9
2020-01-28T23:41:00Z,X8,PN,1009.3
2020-01-29T13:37:00Z,X8,VVX10,4.1
2020-01-29T13:37:00Z,X8,DVVX10,154
2020-01-30T12:56:00Z,D5,TX,17.8
2020-01-30T05:19:00Z,D5,TN,9.9
2020-01-29T23:14:00Z,D5,HRX,86
2020-01-30T14:34:00Z,D5,HRN,58
2020-01-29T23:00:00Z,D5,PX,972.6
2020-01-30T15:13:00Z,D5,PN,970.1
2020-01-30T01:13:00Z,D5,VVX10,10.3
2020-01-30T01:13:00Z,D5,DVVX10,276
2020-01-30T12:11:00Z,X2,TX,19.4
2020-01-30T03:06:00Z,X2,TN,8
2020-01-30T07:30:00Z,X2,HRX,100
2020-01-30T14:31:00Z,X2,HRN,50
2020-01-30T12:01:00Z,X4,TX,20
2020-01-30T02:36:00Z,X4,TN,10.6
2020-01-30T00:48:00Z,X4,HRX,90
2020-01-30T14:38:00Z,X4,HRN,46
2020-01-29T23:00:00Z,X4,PX,1017.3
2020-01-30T14:34:00Z,X4,PN,1013.8
2020-01-30T14:07:00Z,X4,VVX10,7.9
2020-01-30T14:07:00Z,X4,DVVX10,338
2020-01-30T13:05:00Z,X8,TX,19.2
2020-01-30T05:02:00Z,X8,TN,8.7
2020-01-30T04:07:00Z,X8,HRX,98
2020-01-30T14:21:00Z,X8,HRN,51
2020-01-29T23:01:00Z,X8,PX,1011.7
2020-01-30T14:30:00Z,X8,PN,1008.8
2020-01-30T10:46:00Z,X8,VVX10,7.9
2020-01-30T10:46:00Z,X8,DVVX10,279
2020-01-31T13:25:00Z,D5,TX,19.7
2020-01-31T03:04:00Z,D5,TN,10.9
2020-01-31T03:06:00Z,D5,HRX,80
2020-01-31T13:26:00Z,D5,HRN,51
2020-01-31T10:04:00Z,D5,PX,974
2020-01-31T03:01:00Z,D5,PN,971
2020-01-31T00:27:00Z,D5,VVX10,10.9
2020-01-31T00:27:00Z,D5,DVVX10,339
2020-01-31T11:51:00Z,X2,TX,20.2
2020-01-31T02:51:00Z,X2,TN,9.3
2020-01-30T23:00:00Z,X2,HRX,98
2020-01-31T11:51:00Z,X2,HRN,51
2020-01-31T13:01:00Z,X4,TX,20
2020-01-31T03:03:00Z,X4,TN,11.6
2020-01-30T23:21:00Z,X4,HRX,90
2020-01-31T11:55:00Z,X4,HRN,47
2020-01-31T09:30:00Z,X4,PX,1017.8
2020-01-31T14:10:00Z,X4,PN,1015.5
2020-01-31T14:23:00Z,X4,VVX10,4.8
2020-01-31T14:23:00Z,X4,DVVX10,248
2020-01-31T12:35:00Z,X8,TX,20.6
2020-01-31T06:03:00Z,X8,TN,10.8
2020-01-31T18:53:00Z,X8,HRX,91
2020-01-31T13:13:00Z,X8,HRN,47
2020-01-31T09:53:00Z,X8,PX,1012.5
2020-01-31T02:47:00Z,X8,PN,1010
2020-01-31T13:27:00Z,X8,VVX10,5.3
2020-01-31T13:27:00Z,X8,DVVX10,216
